timestamp,total_value,BTC/USDT_value,ETH/USDT_value,SOL/USDT_value,BNB/USDT_value,BTC/USDT_weight,ETH/USDT_weight,SOL/USDT_weight,BNB/USDT_weight
2024-11-19,10000.0,2500.0,2500.0,2500.0,2500.0,0.25,0.25,0.25,0.25
2024-11-20,9959.679875467038,2553.508641839161,2469.8546070076977,2477.3808020872784,2458.9358245329,0.2563846101247727,0.24798534068263706,0.24874100704678592,0.24688904214580423
2024-11-21,10585.472698343532,2662.665978700865,2699.818821924156,2697.1552413415816,2525.832656376929,0.25153963876526103,0.25504943415012893,0.25479780810956565,0.23861311897504436
2024-11-22,10629.314786890045,2678.235122893001,2677.2681049352523,2702.7311366409963,2571.080422420796,0.25196686490048026,0.2518758883909745,0.2542714361959139,0.24188581051263136
2024-11-23,10699.097183478942,2645.205397982186,2730.4710629971937,2681.5848167318936,2641.8359057676685,0.2472363184126219,0.2552057445756697,0.2506365509860659,0.24692138602564254
2024-11-24,10693.711794599822,2651.3704410936143,2704.1551888371137,2658.860413247485,2679.3257514216084,0.2479373385050942,0.2528733933340784,0.24863774752094717,0.2505515206398803
2024-11-25,10313.746736300422,2518.9365728535095,2747.0281003012124,2463.7040777679586,2584.0779853777417,0.244230989693379,0.266346282348851,0.23887575880612502,0.25054696915164504
2024-11-26,10084.358292015926,2490.6395016227248,2674.814316607883,2426.987333249169,2491.9171405361494,0.24698046514220295,0.26524387959575074,0.24066849500683488,0.2471071602552114
2024-11-27,10697.227252492812,2596.2054381725043,2939.1396133151407,2545.554012540504,2616.3281884646626,0.24269891411043001,0.2747571444394829,0.2379639090071032,0.24458003244298382
2024-11-28,10624.747339674339,2590.2708664935053,2879.2108616739183,2499.5791777132517,2655.6864337936636,0.243795996618297,0.2709909957973805,0.23526010528075925,0.24995290230356326
2024-11-29,10748.526091265858,2639.4530910200206,2890.0075303143426,2559.9671758616337,2659.0982940698614,0.24556418885793216,0.2688747746226092,0.23816913631924258,0.24739190020021604
2024-11-30,10744.33132945177,2610.962109629871,2979.623098112916,2499.6843832849386,2654.061738424045,0.24300833896222515,0.27732047781748287,0.23265146118799793,0.24701972203229408
2024-12-01,10770.587251833453,2632.010299121045,2982.8492263728344,2491.2679375499724,2664.459788789602,0.2443701756998444,0.27694397312134217,0.23130288806916163,0.2473829631096519
2024-12-02,10532.778943022766,2595.596354445672,2931.207038591252,2374.7001641206916,2631.2753858651504,0.24643034554191176,0.2782937963900755,0.2254580844207089,0.24981777364730393
2024-12-03,10948.674584111537,2595.8419920358174,2907.948343330845,2460.9687329040944,2983.91551584078,0.23709189382638546,0.26559820743515317,0.22477321012676688,0.2725366886116945
2024-12-04,11172.136526259565,2669.9836497986857,3087.589784517159,2410.785675209359,3003.777416734362,0.23898594897430933,0.276365203491734,0.21578555449469528,0.26886329303926143
2024-12-05,11064.63552326453,2625.522704333914,3045.2719923795794,2481.1682026680132,2912.672623883022,0.23728957893041155,0.27522569414750114,0.22424310294280395,0.2632416239792833
2024-12-06,11376.364720482472,2701.223768099049,3217.173943825142,2492.004376551782,2965.9626320064986,0.2374417341978897,0.2827945501811146,0.21905102708821172,0.26071268853278395
2024-12-07,11469.266310325951,2703.6923310915226,3215.0419638030016,2505.3654841560406,3045.1665312753858,0.23573367798229153,0.28031801484184315,0.21844165235752028,0.265506654818345
2024-12-08,11467.107020845895,2738.292836622891,3221.421813454162,2493.5824601270883,3013.8099106417544,0.23879543738843517,0.28092716040741433,0.21745523570976003,0.26282216649439055
2024-12-09,10699.24153010072,2634.482653652948,2986.38107252272,2279.068299457139,2799.309504467912,0.24623078619556574,0.27912082030497043,0.213012136705702,0.26163625679376173
2024-12-10,10531.150664230587,2615.9726289851924,2919.002458615452,2247.191011235955,2748.9845653939883,0.2484033048611139,0.27717792211728043,0.21338513547893834,0.26103363754266745
2024-12-11,11101.447305371634,2738.7101767843174,3082.7707051463585,2391.2174388755625,2888.748984565394,0.24669848006747225,0.27769088303060313,0.21539690934879538,0.26021372755312916
2024-12-12,11085.593254527359,2708.3586328315464,3122.835839147337,2387.745655009889,2866.6531275385864,0.24431336877035895,0.2817021847587607,0.21539177923876407,0.25859266723211627
2024-12-13,11202.517164534842,2746.81459231364,3143.101717169117,2364.9160459537934,2947.684809098294,0.24519619581655824,0.2805710244407938,0.21110577303471517,0.263127006707933
2024-12-14,11081.566040780308,2746.699492009547,3113.7286641093633,2313.7861381138746,2907.351746547522,0.24786203338965423,0.28098272867307755,0.2087959526297196,0.26235928530754854
2024-12-15,11293.61548632967,2829.138121339878,3185.170107870144,2359.4453562260655,2919.8619008935825,0.25050774260593534,0.2820328097521671,0.2089185132150152,0.25854093442688236
2024-12-16,11280.585225694173,2872.3256512050216,3207.0128465875446,2274.4392543029076,2926.8074735987,0.25462558845463334,0.28429489981449035,0.20162422505548205,0.2594552866753944
2024-12-17,11269.097757232583,2874.358999635904,3132.007375846356,2347.6623321971133,2915.069049553209,0.2550655839143042,0.2779288496132011,0.2083274440218932,0.2586781224506015
2024-12-18,10592.310129709684,2713.7675346511496,2917.835903508998,2172.810672053192,2787.8960194963443,0.2562016690806172,0.2754673784829005,0.20513095306365853,0.26319999937282385
2024-12-19,10131.12247163412,2639.503464329576,2749.055492624154,2038.9891848672305,2703.5743298131597,0.26053415815669556,0.27134757282040234,0.20125994830051122,0.2668583207223909
2024-12-20,10244.607135209897,2648.8084437366424,2793.46503874572,2046.0379581702646,2756.2956945572705,0.25855637105232654,0.2726766387307136,0.19971853787718177,0.2690484523397781
2024-12-21,9925.01136434889,2634.9029728810688,2686.230466235873,1908.9550982620037,2694.922826969943,0.26548110386510637,0.27065263379797627,0.19233782493378906,0.27152843740312815
2024-12-22,9756.542101738378,2577.8749699791324,2640.3003758721006,1899.170980095106,2639.1957757920386,0.264220145118814,0.2706184576809917,0.19465615586865762,0.27050524133153675
2024-12-23,10142.676162008618,2569.620246993878,2753.4964472363104,2000.0631233430122,2819.496344435418,0.253347361776066,0.2714763247149772,0.19719284056752603,0.27798347294143083
2024-12-24,10386.506914735699,2672.048955490469,2810.3358391473366,2073.4966123805916,2830.6255077173028,0.2572615584263021,0.2705756480227453,0.1996336814101428,0.2725291121408099
2024-12-25,10437.647375497223,2692.794634300064,2813.4091084622714,2077.178807389639,2854.2648253452476,0.2579886575418808,0.2695443721414518,0.19900833326348003,0.27345863705318724
2024-12-26,10060.25241843145,2594.2687739970597,2683.1169708827847,1982.7042040146446,2800.1624695369615,0.25787312943004137,0.2667047365498533,0.1970829479767446,0.2783391860433608
2024-12-27,9983.935138875431,2553.84635967258,2681.878008907654,1938.097041619324,2810.113728675873,0.2557955679948698,0.2686193341205675,0.194121557748584,0.2814635401359787
2024-12-28,10309.415826251548,2580.9550541166423,2738.588677496589,2056.7689264823466,2933.1031681559707,0.25034930180472353,0.2656395593747552,0.19950392545473428,0.284507213365787
2024-12-29,10059.02050357295,2538.6577235445607,2700.3578508354144,1998.2746286243319,2821.7303005686435,0.25237623510587665,0.26845137157005006,0.19865499110122575,0.28051740222284755
2024-12-30,10096.115815468645,2513.033687611167,2704.67008212548,2013.4242309472709,2864.9878147847276,0.24891094095422833,0.2678921410530524,0.19942562741429992,0.28377129057841927
2024-12-31,10063.783839673073,2534.264954291909,2685.313312565971,1991.646677608046,2852.5588952071485,0.2518202889356014,0.266829390947372,0.19790237045400866,0.2834479496630181
2025-01-01,10184.265264891226,2561.775010266947,2703.4954818113947,2043.933846736523,2875.060926076361,0.2515424474555169,0.26545807787738035,0.20069526800157964,0.2823042066655231
2025-01-02,10466.881543197163,2626.5832520770323,2780.158265324512,2191.5372638134913,2868.602761982128,0.2509422927198552,0.2656147634661487,0.20937824267609653,0.2740647011378996
2025-01-03,10759.350117866106,2658.7948169439346,2903.52347913395,2293.3762572065816,2903.6555645816406,0.24711481528321633,0.2698604885356964,0.21315193130469717,0.26987276487639017
2025-01-04,10779.2590937508,2660.0492748464185,2942.0358880621993,2279.489121743887,2897.684809098294,0.2467747784621453,0.2729348893531861,0.2114699258936456,0.268820406291023
2025-01-05,10715.297042102267,2663.925040615512,2925.229449321628,2245.1921053739006,2880.950446791226,0.24860953738832314,0.27299564704813056,0.20953148536640187,0.26886333019714437
2025-01-06,10993.927231837422,2768.7879174254713,2966.6300877893054,2295.7959853553843,2962.713241267262,0.25184702964081035,0.26984261631259593,0.20882401137847867,0.26948634266811516
2025-01-07,10308.175086053963,2625.765904505855,2720.3341013824884,2126.9410427976263,2835.134037367993,0.2547265527201105,0.263900649598284,0.2063353624712086,0.2750374352103968
2025-01-08,10156.037107243546,2574.4717925174295,2676.873889761347,2077.5996296763874,2827.0917952883833,0.25349176704772475,0.26357464643882916,0.20456794394681663,0.27836564256662955
2025-01-09,9826.476565747884,2506.5458219997904,2589.91324048091,1945.7770483524805,2784.2404549147036,0.2550808324050605,0.26356479081307355,0.198013706676396,0.2833406701054701
2025-01-10,9983.95009766665,2565.4127215247536,2628.401513786268,1974.4981694230526,2815.637692932575,0.256953680299776,0.26326268541752346,0.1977672314172036,0.28201640286549695
2025-01-11,10011.726740677674,2561.997086147784,2641.1048966351723,1978.8115978622227,2829.813160032494,0.25589962176438386,0.2638011369112139,0.19764938148204803,0.2826498598423542
2025-01-12,9988.516088555869,2560.5094485704217,2628.6106891846666,1983.23023187308,2816.165718927701,0.2563453295634245,0.26316328330254596,0.1985510374404186,0.281940349693611
2025-01-13,9805.428567168798,2560.266790046971,2524.191939345571,1923.8942894415688,2797.075548334687,0.2611070768104344,0.25742800756279455,0.19620705778055256,0.28525785784621854
2025-01-14,10022.237784165121,2615.10219986201,2595.0863089874624,1973.3409081344946,2838.7083671811533,0.2609299695516908,0.25893282167857085,0.19689623721084754,0.2832409715588907
2025-01-15,10566.770956398312,2721.7118930517227,2776.8195041577633,2165.761898750158,2902.4776604386675,0.257572715854477,0.2627878957172214,0.20495967099947046,0.27467971742883107
2025-01-16,10466.720831386814,2707.8985024394224,2661.3949102798447,2221.310440600934,2876.1169780666123,0.2587150785869038,0.25427208322009065,0.21222601389537737,0.2747868242976281
2025-01-17,10854.24578072073,2818.6704934493573,2794.607458229282,2309.367504103017,2931.6003249390737,0.2596836805055464,0.2574667567591894,0.2127616741648606,0.27008788857040356
2025-01-18,11130.712585510551,2831.636204175048,2661.1213732204,2756.0703614863446,2881.884646628757,0.2543984657245702,0.23907915623340462,0.2476095164899029,0.2589128615521221
2025-01-19,10761.473503428095,2744.304593211693,2586.630795767577,2655.599040525186,2774.939073923639,0.2550119732523142,0.24036028104734908,0.24676909158204385,0.25785865411829295
2025-01-20,10731.64601781989,2769.4489994073283,2642.0461859279667,2547.973740689307,2772.177091795288,0.25806376718060403,0.24619207356829054,0.2374261820095816,0.25831797724152383
2025-01-21,10996.894040978019,2874.6319904747866,2677.075019952115,2633.6110760425872,2811.57595450853,0.26140399095989914,0.24343919382840817,0.23948681020558096,0.2556700050061117
2025-01-22,10949.957716766636,2808.627788799121,2608.7390263367915,2707.570592938602,2825.02030869212,0.2564966789322423,0.23824192693842788,0.24726767563611274,0.25799371849321695
2025-01-23,10964.204879086537,2814.1439370197136,2685.6592564940916,2662.8582249715946,2801.543460601137,0.2566664859015448,0.24494792701446147,0.2428683387749177,0.25551724830907596
2025-01-24,10932.58701083397,2840.147397720245,2663.0361326365114,2665.5935698354583,2763.809910641755,0.25978731245456516,0.243587005527374,0.24382093343450273,0.2528047485835581
2025-01-25,10992.3713466849,2836.7986559317715,2670.0193728599747,2697.57606362833,2787.977254264825,0.25806976187966013,0.24289748668882116,0.24540437895976558,0.2536283724717532
2025-01-26,10620.776636443446,2779.1984014003133,2600.701863913704,2530.1939990741907,2710.6823720552393,0.26167562849066534,0.2448692739653166,0.23823060080109834,0.2552244967429198
2025-01-27,10557.089342384594,2764.650535435782,2560.3390572303892,2471.173673357741,2760.926076360682,0.2618762090357865,0.24252319689586618,0.23407717726101596,0.2615234168073314
2025-01-28,10295.285924873746,2744.4115687884378,2476.0896429215045,2388.79771072676,2685.987002437043,0.2665697280109385,0.24050712733865812,0.23202830190032384,0.2608948427500795
2025-01-29,10428.034582493576,2809.3476396421265,2505.1972041294443,2400.3703236123383,2713.119415109667,0.26940336814364,0.24023675643875703,0.23018434630453213,0.26017552911307085
2025-01-30,10707.847409272328,2836.1511151621603,2612.592680791906,2507.153978874721,2751.9496344435415,0.26486659799673934,0.24398859835540462,0.23414173578003006,0.25700306786782606
2025-01-31,10619.81128330203,2774.0408244799987,2655.714993692557,2438.3495349913733,2751.705930138099,0.2612137589339029,0.2500717689652591,0.22960384793515978,0.25911062416567804
2025-02-01,10126.84883231209,2725.457392359008,2508.125659707026,2241.1942936497917,2652.071486596263,0.269131833355979,0.24767088965565104,0.22131211107829862,0.26188516591007127
2025-02-02,9605.066582679658,2645.968851528624,2308.717143372036,2141.0385894036945,2509.3419983753042,0.27547636747255544,0.2403645121560356,0.22290720954131893,0.2612519108300901
2025-02-03,9843.49301454083,2744.2219918169912,2316.939345570631,2275.3861044480914,2506.9455727051177,0.27878538520454277,0.2353777609379153,0.23115636909447548,0.25468048476306654
2025-02-04,9345.046560658951,2647.662586356373,2197.2990628942152,2173.9679333417494,2326.116978066613,0.2833225676480393,0.23512981434939753,0.23263318371186964,0.24891443429069338
2025-02-05,9236.358649470229,2616.4988404930778,2243.2050176350954,2063.291671926945,2313.3631194151094,0.2832825077275613,0.2428668161087226,0.22338799847765653,0.25046267768605945
2025-02-06,9092.627053730066,2614.925893278565,2161.457662899364,1994.0664057568488,2322.1770917952886,0.2875875011508192,0.23771542043096003,0.21930586110851466,0.25539121730970615
2025-02-07,9089.520692620166,2613.6381239939556,2109.5338928507067,2019.8417708201825,2346.506904955321,0.28754410847163625,0.23208417299313144,0.22221653254611143,0.25815518598912074
2025-02-08,9314.151565054122,2611.9573887299634,2117.8687279561314,2096.9574548668097,2487.3679935012183,0.28042891190753194,0.227381819284774,0.22513671161787938,0.26705255718981474
2025-02-09,9336.381236044459,2612.4451431950697,2113.620858327112,2109.0560956108234,2501.2591389114536,0.2798134606060585,0.22638544901820962,0.22589652696148538,0.26790456341424645
2025-02-10,9401.496006999088,2638.6628258733354,2140.9826094791856,2109.0560956108234,2512.794476035743,0.28066414365425907,0.2277278645744569,0.22433196738484004,0.2672760243864439
2025-02-11,9378.475918853255,2593.9058695088625,2093.837692763175,2082.6494971173674,2608.0828594638506,0.2765807463763291,0.223259910339376,0.2220669451131908,0.2780923981711041
2025-02-12,9754.5342836627,2650.5566142376206,2202.995069896764,2070.2352396582924,2830.747359870024,0.2717255931610065,0.22584318285563174,0.2122331194350927,0.2901981045482691
2025-02-13,9512.712626426068,2616.382656892006,2152.79297428108,2043.6182300214618,2699.918765231519,0.2750406492490652,0.22630694932386347,0.21483022879765584,0.2838221726294154
2025-02-14,9610.896111254859,2640.549387563469,2193.0833740957187,2097.693893868619,2679.5694557270513,0.2747453886710156,0.2281871896968592,0.21826205065437243,0.27880537097775265
2025-02-15,9544.7913054303,2642.422949689847,2166.606595783024,2046.0379581702646,2689.723801787165,0.27684449718523424,0.22699360587909143,0.21436172805645481,0.28180016887921955
2025-02-16,9458.932762666958,2603.1117272422866,2141.1596040470613,1980.70529815259,2733.95613322502,0.27520141992301633,0.226363761934952,0.2094005050939941,0.2890343130480375
2025-02-17,9380.565347375545,2593.954617872949,2207.6451999073192,1867.71451416067,2711.251015434606,0.27652433748022176,0.23534244666020743,0.19910468559160044,0.2890285302679703
2025-02-18,9154.772459821159,2591.022674597412,2149.671433720361,1781.34073980558,2632.737611697806,0.2830242571258869,0.23481429420063987,0.19458055867839438,0.28758088999507886
2025-02-19,9233.136359265607,2617.363853131362,2184.6761321216177,1777.2377225097841,2653.8586515028433,0.2834750567183808,0.23661257097424523,0.19248472602988217,0.2874276462774918
2025-02-20,9382.728463536321,2662.337739716018,2202.8100301212576,1851.6180616925471,2665.9626320064986,0.2837487784137143,0.2347728636379002,0.19734324284118504,0.28413511510720046
2025-02-21,9154.476708428916,2604.841210870365,2142.4387920603453,1777.342928081471,2629.8537774167344,0.28454288473659856,0.23403181419290858,0.19415013929141312,0.28727516177907975
2025-02-22,9363.732031099787,2614.83543798076,2223.0678629354065,1810.272272019526,2715.5564581640942,0.27925141698802364,0.23741258886434655,0.19332807325188975,0.29000792089574
2025-02-23,9316.55135127914,2606.90001678027,2268.4991504260743,1766.8223709127635,2674.3298131600322,0.2798138408180779,0.24349129467467753,0.18964338887802976,0.2870514756292148
2025-02-24,8488.292940192576,2479.4739596530376,2022.1790283963649,1491.9202120944324,2494.7197400487407,0.2921051355229012,0.2382315316688973,0.1757621022985789,0.29390123050962264
2025-02-25,8460.408011513506,2401.6802369473817,2007.8424683984244,1518.4320161595758,2532.4532900081235,0.28387286212189883,0.23732217945825002,0.17947503407556575,0.29932992434428535
2025-02-26,8069.034040176086,2281.696700894879,1879.658175218186,1423.6417960695196,2484.0373679935014,0.2827719761168695,0.2329471118673292,0.1764327413890117,0.30784817062678965
2025-02-27,8058.209747345584,2294.113721700356,1856.6086553561772,1448.47031098767,2459.017059301381,0.28469272873618723,0.23039964378784675,0.1797508821937532,0.3051567452822128
2025-02-28,8032.111171509916,2284.400880980436,1800.1876142419485,1558.9361612591003,2388.586515028432,0.28440852376187953,0.2241238418894469,0.19408797114122162,0.29737966320745207
2025-03-01,8095.408313005109,2330.8361351906965,1783.936294827897,1511.3832428565415,2469.252640129975,0.287920762618762,0.22036396755455057,0.18669635729534914,0.3050189125313384
2025-03-02,8993.341779507122,2553.0601568895686,2025.8717786988648,1880.128771619745,2534.281072298944,0.2838833683277951,0.22526351476101603,0.20905785832625,0.28179525858493887
2025-03-03,7899.556238250587,2335.0631600054558,1728.9231650490437,1495.6024071034801,2339.9675060926074,0.2955942194194154,0.2188633276230623,0.189327395361982,0.29621505759554034
2025-03-04,8006.199844591001,2363.807632888853,1747.0248822181604,1523.271472457181,2372.095857026807,0.2952471433105488,0.21820900253925746,0.19026148510223675,0.296282369047957
2025-03-05,8226.077619107775,2453.8304243740085,1803.405697294236,1538.9471026385556,2429.8943948009746,0.29829896312602,0.21923032832868392,0.1870815197590458,0.29538918878625026
2025-03-06,8137.817262602722,2435.5736203752563,1771.7156244368355,1507.701047847494,2422.8269699431357,0.29929077316197755,0.21771386199328183,0.1852709392696888,0.2977244255750518
2025-03-07,7956.024132585291,2350.8018401749137,1722.9616661946811,1466.4604637461598,2415.8001624695366,0.29547444816648966,0.21656063851515855,0.18432076616510173,0.30364414715325005
2025-03-08,7958.377451742413,2335.1129916665213,1772.8258630898747,1441.4215376846357,2409.017059301381,0.29341571266581107,0.22276222431517506,0.1811200268427894,0.3027020361762245
2025-03-09,7395.743178686835,2186.4824794587935,1625.4617949180033,1330.9556874132054,2252.8432168968316,0.29564067148245926,0.21978342887869387,0.17996239935004418,0.3046135002888025
2025-03-10,7032.643798260497,2128.566443857755,1500.5116752053136,1244.7923242014895,2158.773354995938,0.3026694519043108,0.21336381000505963,0.1770020435997889,0.3069646944908406
2025-03-11,7352.713184096598,2246.026439596065,1547.439371315295,1318.7518410975044,2240.4955320877334,0.30546906745309504,0.21045828017095752,0.1793558116682522,0.3047168407076952
2025-03-12,7448.222875913278,2266.260531407,1535.1865200937107,1332.1129487017631,2314.662875710804,0.3042686247662961,0.20611447128661156,0.1788497700585287,0.31076713388856364
2025-03-13,7349.83043276559,2196.8119869844036,1500.101369616147,1297.9211379034634,2354.9959382615757,0.29889288019367116,0.2041001331035728,0.17659198396160583,0.3204150027411502
2025-03-14,7604.673369774635,2274.468672622128,1537.9621167263085,1404.9152043092201,2387.327376116978,0.2990882792760279,0.20223907615007614,0.18474366169271184,0.3139289828811841
2025-03-15,7789.493144015416,2284.0894330987744,1558.4934865999023,1429.322896940622,2517.587327376117,0.293226964947471,0.20007636668854073,0.18349369728102982,0.3232029710829584
2025-03-16,7527.385908278431,2236.318473712553,1518.1306799165873,1326.9578756890965,2445.978878960195,0.29709098230942377,0.2016809950247117,0.17628402367809273,0.3249439989877719
2025-03-17,7737.447753435761,2275.1952940712563,1549.7563911129419,1346.7365231662668,2565.7595450852964,0.2940498426061709,0.20029297004619942,0.17405436082825343,0.3316028265193763
2025-03-18,7662.62901901166,2240.123554353722,1553.9640347038076,1318.5414299541303,2549.9999999999995,0.2923439917025576,0.20279776442892974,0.17207428764758317,0.33278395622092943
2025-03-19,7942.886137232896,2351.9986125132286,1654.1429601215148,1423.747001641207,2512.997562956946,0.29611385230464937,0.20825464844165287,0.17924806890624836,0.3163834303474495
2025-03-20,7780.201163670305,2280.9736001609344,1596.000244574312,1342.4230947270967,2560.804224207961,0.2931766868460875,0.20513611550647876,0.1725434942473659,0.32914370340006777
2025-03-21,7790.3905756693,2277.32830582427,1581.4866900084958,1351.6811850355593,2579.8943948009746,0.29232530560621045,0.2030048011902952,0.17350621536962305,0.3311636778338712
2025-03-22,7762.860089285454,2270.6064480652803,1593.5062302087892,1351.9968017506205,2546.750609260763,0.29249611894966954,0.20527308387384144,0.1741622013279216,0.3280685958485674
2025-03-23,7876.406037699792,2331.3228063588235,1613.8606055145071,1397.5508142911249,2533.671811535337,0.2959881442373758,0.20489809664330297,0.17743509001464106,0.32167866910468024
2025-03-24,8115.1870050711095,2369.6623114155996,1674.3686121051412,1483.5037663594662,2587.652315190902,0.2920034140845822,0.20632532695289005,0.18280586330696233,0.3188653956555654
2025-03-25,8098.408303507213,2366.8108029408045,1662.26057462091,1511.1728317131674,2558.1640942323315,0.2922562945999894,0.20525768920554766,0.18660121533495874,0.31588480085950427
2025-03-26,7925.41864824821,2353.7110342138767,1616.7005638081507,1444.8933215503093,2510.113728675873,0.2969825492731703,0.20398929514789696,0.18231129302799423,0.3167168625509385
2025-03-27,8019.590727087358,2362.4543241369724,1611.9860721365499,1456.3607288642006,2588.7896019496343,0.2945853977507147,0.20100602723924896,0.1816003806709395,0.3228081943390968
2025-03-28,7692.325372514232,2286.416896659643,1526.0954354709988,1362.3069477759543,2517.5060926076358,0.29723351339626564,0.19839195062184367,0.17709949616063694,0.3272750398212537
2025-03-29,7468.8898248984115,2238.322843949228,1470.7283165563936,1310.6510120775995,2449.187652315191,0.29968615101102697,0.1969139123800635,0.17548136909295303,0.3279185675159566
2025-03-30,7444.839872090541,2231.3206830967433,1454.3643642355123,1313.1759457980893,2445.978878960195,0.29971372406028385,0.19535200074452655,0.17638739964320338,0.3285468755519861
2025-03-31,7468.647392946844,2235.6544126640015,1466.1827742450378,1310.2301897908512,2456.580016246953,0.2993385943986703,0.19631168765975682,0.17543072002946497,0.32891899791210794
2025-04-01,7653.779455823754,2306.294312940015,1532.5959632366194,1332.6389765601987,2482.250203086921,0.3013275109704341,0.20024041352151434,0.17411515242266287,0.32431692308538873
2025-04-02,7313.544432656818,2234.741193310121,1444.2917642818527,1235.323822749653,2399.1876523151905,0.30556199034375714,0.19748177885304508,0.16890904733327672,0.328047183469921
2025-04-03,7355.5756882099395,2253.612226696359,1461.9992662770642,1232.6936834574758,2407.270511779041,0.306381488305343,0.1987606855328081,0.16758629585354257,0.3272715303083064
2025-04-04,7453.211596928462,2271.941069944261,1461.709638802358,1291.819214745613,2427.741673436231,0.304827125917175,0.19611809215301793,0.1733238346913408,0.3257309472384664
2025-04-05,7390.356199722313,2262.411306413909,1452.9725433153978,1265.8334385389048,2409.138911454102,0.30613021149087744,0.1966038583322942,0.17128178998821025,0.32598414018861815
2025-04-06,6766.5191681969845,2124.0745529314613,1271.754241433463,1114.2322097378276,2256.458164094232,0.3139094858276216,0.18794807342167572,0.1646684479924007,0.33347399275830186
2025-04-07,6771.619937202971,2143.932469866199,1249.4529258811112,1125.5944114800318,2252.6401299756294,0.3166055522530926,0.18451315009820232,0.16622232522177852,0.33265897242692655
2025-04-08,6610.317639981926,2066.9961767199698,1185.3889375176996,1108.8667255817868,2249.0658001624697,0.31269241348069643,0.17932405098780407,0.16774787324513785,0.34023566228636165
2025-04-09,7198.279766746053,2237.420457565145,1343.15545915609,1252.4723309346462,2365.231519090171,0.31082710453980594,0.18659395059373426,0.17399606177029991,0.32858288309615985
2025-04-10,6915.271138325306,2155.958691286252,1224.6817315861288,1186.8240542019105,2347.806661251015,0.3117677742724586,0.17709815090239744,0.17162364720948997,0.339510427615654
2025-04-11,7177.078445931017,2259.3198476581124,1260.5633576191335,1277.3008458527963,2379.8943948009746,0.3147965937224797,0.17563739439601625,0.17796946981636394,0.33159654206514005
2025-04-12,7449.5563767033345,2309.5052051878224,1322.77694822748,1391.2384799899003,2426.0357432981314,0.3100191593166856,0.17756452617287943,0.18675454075905223,0.32566177375138267
2025-04-13,7277.676625601118,2268.4238754754456,1285.4310944056845,1350.6291293186887,2373.1925264012993,0.3116961624120087,0.17662657473455837,0.1855852078625615,0.3260920549908714
2025-04-14,7333.120844653635,2290.9450780347565,1306.3566794531835,1361.5705087741444,2374.2485783915513,0.31241065387665307,0.17814470907098306,0.18567408578393002,0.32377055126843396
2025-04-15,7224.094657411958,2265.2820434100936,1278.2064979532993,1326.7474645457223,2353.858651502843,0.31357313972705253,0.17693656555868256,0.18365588042018147,0.32583441429408344
2025-04-16,7293.434224180906,2275.746421409675,1268.8418762711428,1381.6647729663764,2367.181153533712,0.3120267286245738,0.17397042837027038,0.18943953294122498,0.3245633100639308
2025-04-17,7391.553174241423,2300.5953583540995,1274.0551708158484,1418.4867230568532,2398.415922014622,0.3112465410343482,0.1723663674984793,0.19190644910735272,0.3244806423598198
2025-04-18,7379.387823437329,2287.779413435851,1278.0616842159461,1410.1754828935739,2403.371242891958,0.31002292712814766,0.17319345652992435,0.19109654034102685,0.3256870760009012
2025-04-19,7476.963719644563,2304.091699356056,1297.9092114409289,1471.5103311871396,2403.4524776604385,0.30815873738993976,0.17358773696211385,0.1968058675102267,0.3214476581377197
2025-04-20,7441.965110981124,2306.8603356119042,1277.064078469737,1450.3640112780374,2407.676685621446,0.30997999872479587,0.1716030724983301,0.19488992351468123,0.32352700526219286
2025-04-21,7503.874669729634,2370.151690826175,1270.7968617254073,1436.6872869587173,2426.238830219334,0.31585704654520463,0.16935209044092342,0.1914593926727299,0.323331470341142
2025-04-22,8021.18989015115,2530.662721010188,1412.9476353525731,1565.3537011320118,2512.225832656377,0.3154971713258493,0.1761518745600907,0.19515230565156394,0.313198648462496
2025-04-23,8031.4444548901965,2537.3815997024835,1444.1710861673919,1589.6561881917264,2460.2355808285947,0.31593091553506536,0.1798146142053019,0.1979290521300704,0.3063254181295624
2025-04-24,8017.188895967334,2545.2189825263113,1423.7201683701055,1604.9109960863527,2443.338748984565,0.31747025242308596,0.17758346308719758,0.20018375728849633,0.30476252720122016
2025-04-25,8022.180589083038,2563.044905151391,1435.7477537780294,1586.7104321844884,2436.6774979691304,0.31949479031166456,0.17897225546528617,0.19779041553162724,0.30374253869142215
2025-04-26,8063.873190296103,2562.7556648578134,1464.9357670622765,1569.7723351428692,2466.4094232331436,0.3178070394189458,0.1816665183704959,0.19466728929119329,0.30585915291936505
2025-04-27,7988.017055339256,2538.9583384564253,1441.1299976829803,1556.8320498253586,2451.096669374492,0.31784588351114806,0.18041148231146015,0.19489593462807633,0.3068466995493154
2025-04-28,8038.596474253697,2573.1331082747747,1448.0408310377675,1555.3591718217397,2462.063363119415,0.32009731008592074,0.18013602693898173,0.19348640982331922,0.3062802531517783
2025-04-29,7979.446195797926,2552.7032105347603,1446.3754730582086,1539.2627193536168,2441.1047928513403,0.3199098217967865,0.18126263873047826,0.19290345239300086,0.30592408707973445
2025-04-30,7982.161215630165,2550.4060792893224,1442.996485853307,1552.2030046711272,2436.555645816409,0.31951322585357933,0.1807776674602515,0.1944589895818818,0.3052501171042874
2025-05-01,8114.544621764233,2613.180701844281,1478.7976598100042,1587.0260488995496,2435.540211210398,0.32203664206065247,0.18224037561438533,0.19557795574171166,0.3001450265832505
2025-05-02,8103.440945823382,2623.9386533253587,1482.0881497309683,1557.5684888271683,2439.8456539398862,0.3238054884175802,0.1828961498750547,0.19221075333805684,0.3010876083693081
2025-05-03,8049.04365031716,2596.0242567526507,1475.1049095075045,1543.4709422211001,2434.4435418359058,0.3225258017640839,0.18326461795860435,0.19175830188972598,0.30245127838758584
2025-05-04,7903.266725533198,2553.2665249641996,1455.2654274901527,1514.4342044354667,2380.300568643379,0.3230647039553055,0.1841346721588689,0.19162129496942856,0.301179328916397
2025-05-05,8000.91003060053,2565.6177354781603,1464.3806477357568,1543.576147792787,2427.335499593826,0.3206657399802796,0.18302676097281945,0.19292507250914925,0.3033824265377517
2025-05-06,8077.055420554758,2622.5000349363277,1461.8142265015576,1545.2594369397802,2447.481722177092,0.32468516041904366,0.1809835577927922,0.1913147002814111,0.303016581506753
2025-05-07,8082.79501917387,2627.821189700576,1457.0755992070642,1549.8884820940116,2448.0097481722178,0.32511293227984905,0.1802687802611119,0.1917515510930801,0.30286673636595884
2025-05-08,8858.200368374117,2796.574484954576,1775.8910871971784,1730.2108319656609,2555.5239642567017,0.3157045865590275,0.20047989584177078,0.19532306337785327,0.28849245422134845
2025-05-09,9199.402076397957,2788.7311439973596,1886.6333702340191,1817.7418676093084,2706.29569455727,0.3031426521895532,0.20508217322888597,0.1975934797189611,0.2941816948625997
2025-05-10,9484.848407554258,2838.496182298949,2078.262170790104,1871.5019147414046,2696.5881397238018,0.2992663730965076,0.2191139047762599,0.19731489996728221,0.28430482215995034
2025-05-11,9309.647919353076,2819.7678732897857,2023.0237751975906,1822.0552960484786,2644.8009748172217,0.3028866287658417,0.21730400469733013,0.195716885518383,0.2840924810184452
2025-05-12,9305.418742479209,2783.838162364335,2007.657428622918,1832.8914699322474,2681.0316815597075,0.29916312628212227,0.21575143302879726,0.1969703374620965,0.28811510322698386
2025-05-13,9605.938189590674,2819.3811362680353,2155.8823340112763,1933.1523797500315,2697.522339561332,0.293503984787578,0.22443225132839859,0.20124555682076553,0.28081820706325805
2025-05-14,9411.34642354969,2803.2427195130713,2099.5900162191383,1858.3512182805198,2650.162469536962,0.2978577764918538,0.22309135396030116,0.19745859249537676,0.28159227705246836
2025-05-15,9288.07035927537,2810.172841116407,2050.474023633602,1779.6574506585866,2647.766043866775,0.30255723012585456,0.22076426473082555,0.1916068011781761,0.28507170396514375
2025-05-16,9231.330191011553,2802.053259429369,2041.1657184048606,1761.1412700416613,2626.9699431356617,0.30353732359803337,0.22111284897948094,0.19077871050008216,0.28457111692240344
2025-05-17,9127.476558169903,2792.9197117693393,1991.2532502638828,1745.7812565753482,2597.522339561332,0.3059903461783671,0.21816032477032593,0.1912665834252643,0.2845827456260426
2025-05-18,9362.112322675186,2883.039458334177,2009.5158715856141,1823.2125573370365,2646.344435418359,0.30794753993192425,0.21464342685982676,0.1947437174964443,0.2826653157118047
2025-05-19,9287.18064807168,2859.1928419202136,2033.9411219524752,1755.4601691705593,2638.586515028432,0.30786445857644373,0.2190052287154323,0.18901970745395694,0.284110605254167
2025-05-20,9338.31075981885,2893.7567861785174,2030.7632649383415,1773.6607330724235,2640.1299756295693,0.3098801122179245,0.21746580480876343,0.1899337876721967,0.2827202953011155
2025-05-21,9582.190885378594,2969.425080210017,2052.324421388667,1825.6322854858392,2734.8090982940694,0.30988999444177684,0.21418112474886053,0.19052347290133412,0.28540540790802843
2025-05-22,9847.908655121055,3025.0041734016145,2143.9030198491364,1890.3337120733913,2788.667749796913,0.307172241268563,0.21770135111217506,0.19195280726841332,0.28317360035084865
2025-05-23,9438.224527049771,2906.4397563925086,2032.6217079010376,1830.6821529268188,2668.4809098294068,0.30794348535179555,0.21536060114649555,0.19396467499582348,0.28273123850588544
2025-05-24,9517.745403505802,2918.45379072154,2035.7593388770179,1850.2503892606153,2713.2818846466284,0.30663289119359566,0.21389092191173328,0.19440007174168444,0.28507611515298653
2025-05-25,9572.58009360571,2952.09774501984,2052.5094611641734,1848.8827168286832,2719.0901705930137,0.3083910206185459,0.2144154910268349,0.19314361423454682,0.2840498741200725
2025-05-26,9605.249573621828,2963.7594370062266,2062.5498802873103,1840.1506543786559,2738.7896019496343,0.30855621337996,0.21473152409819057,0.19157759934027355,0.28513466318157576
2025-05-27,9740.123053087495,2950.309763354858,2140.676891589218,1859.0876572823297,2790.0487408610884,0.3029027197371647,0.21977924507952196,0.19086901132044967,0.2864490238628637
2025-05-28,9678.107452865437,2918.991918496202,2157.402878253482,1811.7451500231452,2789.9675060926074,0.3016077195580179,0.22291578066895,0.18720035490892742,0.28827614486410463
2025-05-29,9472.271078870419,2859.626431536335,2117.007890739644,1753.882085595253,2741.7546709991875,0.3018944884205478,0.22349528144966266,0.18515961705399228,0.2894506130757974
2025-05-30,9157.90642212496,2816.178910396065,2036.5155883943055,1643.3110297521355,2661.900893582453,0.3075133966855507,0.2223778552130872,0.1794417800319507,0.2906669680694114
2025-05-31,9185.084122350116,2832.6016926081993,2033.8767602914297,1645.9411690443123,2672.664500406174,0.30839148067415234,0.22143256754093152,0.1791971795924258,0.2909787721924903
2025-06-01,9246.67019448888,2861.066674870836,2042.847166799681,1658.881454361823,2683.874898456539,0.3094158886056155,0.22092787174535988,0.17940311695668948,0.29025312269233516
2025-06-02,9319.378953416368,2866.891021082151,2097.7154828411813,1649.9389807684215,2704.833468724614,0.30762683172478833,0.22509176773761141,0.177043876959588,0.2902375235780122
2025-06-03,9260.164423754923,2853.8616666589032,2086.4119661200216,1632.6852670117407,2687.205523964257,0.3081869323332906,0.22531046649320707,0.17631277289455513,0.2901898282789472
2025-06-04,9239.624875634438,2835.444805531401,2097.9327034472103,1612.380591676135,2693.8667749796914,0.3068787795713087,0.22705821196048892,0.174507148653632,0.2915558598145704
2025-06-05,8781.613701265927,2749.1011614135246,1942.121167263085,1518.0111938728273,2572.3801787164907,0.31305193497833134,0.22115766342387794,0.17286244254333302,0.29292795905445773
2025-06-06,8982.19091454656,2824.3838017202543,1992.0738614422162,1555.2539662500526,2610.4792851340376,0.3144426375024155,0.2217803963859279,0.17314862053659266,0.290628345575064
2025-06-07,9111.900796323076,2858.6081323754242,2031.1172540740934,1578.7148087362707,2643.4606011372866,0.3137224818699692,0.22290818342685534,0.17325855976980448,0.29011077493337084
2025-06-08,9134.855810897121,2863.53307126935,2019.2103467806298,1603.8589403694818,2648.25345247766,0.31347326444423934,0.22104457788724813,0.17557572594153176,0.28990643172698083
2025-06-09,9541.314999760378,2986.1899134434884,2156.2202327317664,1695.4929933089254,2703.4118602761982,0.3129746700028753,0.22598774202360136,0.17770013812053226,0.28333744985299114
2025-06-10,9725.12596340142,2986.497840609966,2265.852277115568,1737.1543996970079,2735.621445978879,0.30709091603019406,0.2329895042637651,0.1786253881167651,0.2812941915892757
2025-06-11,9576.61121480252,2942.373258857388,2229.8177921375795,1693.4940874468712,2710.926076360682,0.30724576709445783,0.23283996208292984,0.1768364664140532,0.2830778044085592
2025-06-12,9249.827944309383,2861.8466486962143,2126.0667945318332,1602.4912679375498,2659.423233143785,0.3093945818156391,0.22984933420732628,0.1732455217097766,0.2875105622672579
2025-06-13,9172.767393206708,2872.5404148312455,2075.0119069072935,1563.3547952699573,2661.860276198213,0.3131596269364282,0.22621438198073504,0.17043436601562226,0.29019162506721463
2025-06-14,9034.925327365097,2854.8840281834878,2036.048966351724,1521.6933888818749,2622.2989439480098,0.31598313486184315,0.22535315927680252,0.1684234604875981,0.29024024537375614
2025-06-15,9151.454803053413,2859.7418026646724,2049.6051412094844,1609.32963009721,2632.7782290820473,0.3124904033520998,0.22396495260246785,0.1758550596305466,0.28768958441488585
2025-06-16,9167.886423231672,2892.254794916174,2046.8375897845174,1585.6583764676177,2643.135662063363,0.315476726193632,0.2232616652621018,0.1729578992655839,0.2883037092786823
2025-06-17,9035.656115620906,2831.499167107117,2019.3068892721983,1552.5186213861884,2632.3314378554023,0.3133695141642234,0.22348204307833344,0.17182134883400257,0.2913270939234406
2025-06-18,9030.468646087898,2840.5882995909797,2031.4149267564298,1539.5783360686783,2618.8870836718115,0.31455602260703874,0.22495121863209855,0.17048709168993584,0.29000566707092695
2025-06-19,9028.04414848949,2834.4083611460806,2028.2933861957108,1546.9427260867733,2618.399675060926,0.31395597036599715,0.22466586924423387,0.1713486000559265,0.2900295603338424
2025-06-20,8813.718440666093,2797.560014381851,1936.0711711247843,1474.0352649076297,2606.0519902518276,0.3174097327041941,0.2196656478373351,0.16724328951858713,0.2956813299398836
2025-06-21,8592.13058531532,2765.6574599784053,1846.962451406946,1424.7990573580778,2554.7116165718926,0.3218826148551732,0.2149597743036589,0.16582604782487595,0.29733156301629204
2025-06-22,8413.49901322298,2734.346385725872,1792.2309038951676,1385.6625846904851,2501.2591389114536,0.3249951514142294,0.21301849576239665,0.16469516220453873,0.2972911906188351
2025-06-23,8914.757308839418,2852.6982057027135,1940.2305434698658,1520.325716449943,2601.5028432168965,0.31999729290152673,0.2176425533812381,0.17054033708157884,0.29181981663565637
2025-06-24,8991.823929844259,2872.9848374171643,1969.8288623432793,1535.1597020578208,2613.8505280259947,0.31951079779060193,0.21906888721489873,0.1707283988249101,0.29069191616958934
2025-06-25,8987.372309426273,2907.043152810197,1945.7254202816466,1510.436392711358,2624.167343623071,0.3234586320365506,0.21649547312520936,0.16806206983627003,0.2919838250019699
2025-06-26,8911.918929519965,2896.3856771239853,1943.689982751075,1462.9886798804864,2608.854589764419,0.3250013493199491,0.2181000520901025,0.16416090535052583,0.2927376932394226
2025-06-27,8966.169936603104,2899.1082732581967,1949.4905774528231,1494.8659681016707,2622.705117790414,0.3233385373862927,0.21742735094661847,0.1667229127566604,0.2925111989104284
2025-06-28,9085.46599269827,2905.8572134416786,1959.5068609530674,1585.6583764676177,2634.4435418359058,0.3198357922177061,0.21567488806054277,0.1745269177983789,0.28996240192337225
2025-06-29,9218.987008504912,2934.568374942951,2011.37431454831,1613.0118251062574,2660.032493907392,0.31831787725003685,0.21817736728479287,0.1749662759713388,0.2885384794938314
2025-06-30,9198.242642900044,2901.7869958647307,1999.6122209921994,1628.687455287632,2668.155970755483,0.3154718905034069,0.21739067978769439,0.1770650675914476,0.2900723621174512
2025-07-01,8967.464807259228,2862.101494310687,1934.8804803954383,1545.2594369397802,2625.2233956133227,0.3191650656932375,0.21576672136244554,0.17231842780011597,0.29274978514420097
2025-07-02,9297.393983431262,2947.911073017575,2067.9482146075225,1601.9652400791147,2679.5694557270513,0.317068533211672,0.22242234956298293,0.17230260898203856,0.2882065082433066
2025-07-03,9350.777048202413,2967.821529855827,2084.71442730994,1602.9120902242983,2695.3290008123477,0.31738769030177644,0.22294558158786432,0.17142020197481245,0.28824652613554674
2025-07-04,9150.883808547898,2924.475026158914,2017.7702546147311,1553.8862938181205,2654.7522339561333,0.31958388799857157,0.22050004096106204,0.16980723680117385,0.29010883423919254
2025-07-05,9172.230003075474,2930.267415109328,2024.5040934016424,1552.3082102428145,2665.1502843216895,0.3194716458404119,0.2207210343311082,0.1692400004930449,0.290567319335435
2025-07-06,9316.517107208698,2957.5047510697286,2067.899943361738,1597.6518116399445,2693.4606011372866,0.3174474663693094,0.22196062322063373,0.17148595266397934,0.28910595774607756
2025-07-07,9228.70134249157,2932.0228978649193,2045.325090749942,1566.3005512771956,2685.0528025995122,0.3177069870454092,0.22162653387998188,0.16972058073496232,0.29094589833964657
2025-07-08,9332.880467805546,2949.89838132682,2104.0229256236644,1595.6529057778898,2683.306255077173,0.3160758772709787,0.22544196648415732,0.17097110707484267,0.2875110491700214
2025-07-09,9608.25170543662,3012.4861351527816,2227.508817547563,1652.2535033455372,2716.003249390739,0.31353114255408526,0.2318328959145789,0.17196192959960088,0.28267403193173507
2025-07-10,10030.694724514418,3141.8320653522737,2374.37408284633,1728.9483651054159,2785.5402112103975,0.3132217809075401,0.23671083091019626,0.17236576454469993,0.27770162363756357
2025-07-11,10079.55666414637,3182.933977707265,2379.949411734418,1714.1143794975383,2802.5588952071485,0.3157811482948616,0.23611647724547755,0.17005850917974927,0.2780438652799116
2025-07-12,10024.280402376022,3180.0182838864234,2367.9298715341247,1690.5483314396329,2785.783915515841,0.3172315773541884,0.2362194368558228,0.1686453554350822,0.27790363035490667
2025-07-13,10122.325556491438,3225.154935842278,2391.0598434724407,1695.3877877372386,2810.72298943948,0.3186179813959836,0.23621645343535272,0.1674899486561157,0.27767561651254796
2025-07-14,10175.674331541597,3245.5897084187013,2424.519862008599,1706.5395783360686,2799.025182778229,0.3189557372486193,0.23826625961223039,0.16770776291909206,0.2750702402200584
2025-07-15,10241.107776060711,3189.1745807830266,2524.497657235538,1725.160964524681,2802.2745735174653,0.31140914152255483,0.24650630697752482,0.16845452681958514,0.2736300246803352
2025-07-16,10629.993543412522,3212.7996629646436,2712.321074582293,1826.68434120271,2878.1884646628755,0.3022390982500302,0.25515735861035743,0.17184246949375792,0.2707610736458545
2025-07-17,10802.173559927753,3227.6172698771184,2797.214105501635,1850.2503892606153,2927.0917952883833,0.29879331710151724,0.25894919110338227,0.17128500842871017,0.27097248336639024
2025-07-18,10877.089845369715,3193.6905750671185,2853.5707849548185,1865.084374868493,2964.7441104792847,0.29361627241009186,0.2623468984371366,0.17146906032613526,0.2725677688266362
2025-07-19,10921.02393741958,3191.3929021731915,2889.846626161728,1861.7177965745066,2978.0666125101543,0.29222469618789737,0.26461315740367664,0.17047099312689476,0.2726911532815312
2025-07-20,11180.908424610196,3175.823757981055,3022.335105424401,1908.7446871186298,3074.004874086109,0.28403986844134943,0.2703121240821512,0.17071463378747556,0.27493337368902376
2025-07-21,11377.086003439274,3178.9447365795486,3026.872602528126,2059.083449059462,3112.1852152721362,0.2794164283911152,0.26604990079297175,0.18098513524790133,0.27354853556801173
2025-07-22,11621.92724302689,3248.6565221682104,3013.9037278274077,2164.0786096031643,3195.288383428107,0.279528210273162,0.2593290824149444,0.1862065184499931,0.2749361888619004
2025-07-23,11282.743002876196,3216.2001321838975,2919.034639445975,1992.5935277532299,3154.9147034930947,0.2850548072719572,0.25871675342617084,0.1766054165414632,0.2796230227604089
2025-07-24,11241.709685871558,3204.960926019591,2982.310197461576,1923.8942894415688,3130.544272948822,0.2850955073183883,0.26528973624089464,0.17113894089076997,0.2784758155499471
2025-07-25,11337.200033396026,3185.280669789523,2996.807661612131,1964.8192568278414,3190.2924451665313,0.2809583195503856,0.264334020109412,0.17330727613873506,0.28140038420146746
2025-07-26,11370.52893579816,3193.559225308331,3009.7926267281105,1945.040609350671,3222.1364744110474,0.2808628554872199,0.2647011976067617,0.17105981791463054,0.28337612899138787
2025-07-27,11761.952596971973,3234.062616082042,3115.1848466905235,1984.5979043050118,3428.1072298943945,0.27495967097458185,0.26485269524827915,0.1687303096950018,0.29145732408213715
2025-07-28,11527.364251961519,3197.413866786321,3056.374378909971,1926.4192231620586,3347.156783103168,0.2773759722429386,0.2651407825852204,0.16711705998483178,0.2903661851870092
2025-07-29,11425.951697420416,3194.392551509959,3052.182825734367,1909.270714977065,3270.105605199025,0.27957343389007516,0.2671272298852308,0.16709949118795173,0.28619984503674223
2025-07-30,11349.894638949798,3191.401026900539,3065.2241073037612,1870.2394478811598,3223.030056864338,0.2811833174158732,0.27006630500205114,0.16478033562205935,0.2839700419600163
2025-07-31,11103.363685460256,3135.171955521126,2975.4315449373116,1811.8503555948323,3180.909829406986,0.28236235832089357,0.26797569000046445,0.16318031246399975,0.2864816392146423
2025-08-01,10661.572743103452,3068.3826343594287,2806.3293257472387,1711.7998569204226,3075.060926076361,0.2877983115900272,0.2632190759625536,0.16055791187352897,0.2884247005738901
2025-08-02,10436.966534711959,3048.0280257595023,2730.4951986200863,1667.297900096789,2991.1454102355806,0.29204156357330147,0.26161770180433397,0.15974928103406086,0.2865914535883036
2025-08-03,10661.4843015634,3093.0512023567344,2813.1999330638723,1704.0146446155788,3051.2185215272134,0.29011450140232065,0.26386569200794535,0.15982902534178117,0.2861907812479528
2025-08-04,11015.31734944606,3115.9691624348575,2993.6137141827357,1783.7604679543829,3121.974004874086,0.28287602286751673,0.27176826769618934,0.16193455089553863,0.28342115854075545
2025-08-05,10790.298094878863,3090.910336700618,2905.9289962155344,1726.318225813239,3067.1405361494717,0.2864527290647866,0.2693094269188638,0.15998800131690147,0.28424984269944814
2025-08-06,10971.680100016187,3114.2694694737206,2963.299371830188,1768.4004544880697,3125.7108042242075,0.2838461786239216,0.2700861987240966,0.16117863794492704,0.28488898470705465
2025-08-07,11375.608573828298,3181.426840784268,3145.9255850474988,1844.8849051045745,3203.3712428919575,0.2796709134405109,0.2765500908923049,0.16217900722683753,0.28159998844034667
2025-08-08,11468.37437151012,3159.8348362092884,3225.725999536596,1859.8240962841392,3222.989439480097,0.2755259580694357,0.2812714247932109,0.16216981030060698,0.2810328068367464
2025-08-09,11719.65011317732,3154.0800918289183,3427.7572535592,1893.1742625089423,3244.63850528026,0.26912749624517707,0.2924794870544048,0.1615384626867229,0.27685455401369524
2025-08-10,11850.844301193718,3230.7710182092474,3419.6718198903277,1921.68497243614,3278.7164906580015,0.272619480612349,0.28855934083497065,0.16215595476539774,0.2766652237872825
2025-08-11,11721.452013505625,3214.304633293681,3397.6681770203127,1839.4142153768464,3270.0649878147847,0.27422410035805406,0.289867515825298,0.15692716339728618,0.2789812204193618
2025-08-12,12345.598643529007,3253.522150552498,3693.1686532966046,2017.632453814754,3381.2753858651504,0.26353700978752004,0.2991486083368175,0.1634292926631228,0.2738850892125396
2025-08-13,12724.739815988909,3339.4370798906607,3820.9104600571536,2119.997475066279,3444.394800974817,0.26243657066328274,0.3002741521878583,0.16660438686553392,0.27068489028332515
2025-08-14,12300.202873698494,3203.7178427353942,3658.0271863656258,2024.8916382611621,3413.5662063363116,0.2604605692793815,0.29739567907352,0.16462262119196303,0.27752113045513543
2025-08-15,12065.778563113334,3177.9072088972484,3571.645792034601,1953.8778773723855,3362.3476848090977,0.26338186071245556,0.29601453178940235,0.16193549940868682,0.2786681080894552
2025-08-16,12137.853903221167,3178.952861306896,3557.5827690961046,1994.6976391869712,3406.6206336311943,0.2619040307004568,0.29309817019234236,0.16433692933621608,0.2806608697709847
2025-08-17,12261.345689463931,3179.6123183432837,3598.082344309142,2009.3212136514749,3474.3298131600322,0.25932001257215165,0.2934492212711157,0.16387444449739863,0.28335632165933416
2025-08-18,11982.48286773527,3147.7103055883285,3469.890005921273,1924.6307284433783,3440.2518277822905,0.26269266063914315,0.28958021840903275,0.1606203613798398,0.2871067595719842
2025-08-19,11537.021488452252,3056.872874774444,3278.896776768015,1853.9325842696628,3347.31925264013,0.26496205089278535,0.28420652419257086,0.16069421263757885,0.29013721227706485
2025-08-20,12090.360272647333,3094.7422289420338,3488.5307520016477,1977.2335142869165,3529.853777416734,0.2559677428259466,0.28853819682230125,0.16353801455859981,0.2919560457931523
2025-08-21,11752.65437714004,3046.7727553842838,3399.3415802075024,1896.751251946303,3409.7887896019492,0.2592412452212096,0.28924032572756714,0.16138917993161217,0.290129249119611
2025-08-22,12822.198928122445,3166.910119607903,3887.5006436166104,2111.3706181879393,3656.4175467099917,0.24698650655481866,0.3031851763811199,0.16466525203856802,0.2851630650254933
2025-08-23,12694.366570644555,3126.3422726639,3844.322014262544,2147.6665404199803,3576.0357432981314,0.24627792613878804,0.302836852305215,0.16918264715833967,0.2817025743976573
2025-08-24,12646.590218804029,3073.681581535593,3845.7299255979196,2167.0243656104026,3560.1543460601133,0.24304429323292068,0.3040922382287488,0.17135246166103224,0.2815110068772982
2025-08-25,11881.373653039887,2982.09938404817,3520.7276729397836,1969.4483019820727,3409.098294069862,0.25098944542369395,0.2963232851480093,0.16575931028633067,0.28692795914196617
2025-08-26,12296.801128789277,3026.8189666668436,3701.302358211261,2060.5563270630814,3508.123476848091,0.24614685843625247,0.30099717149574534,0.1675684843140958,0.2852874857539064
2025-08-27,12247.651295695048,3013.2449846870554,3625.7417681435522,2135.1470773892183,3473.517465475223,0.2460263532932381,0.2960356790544789,0.17433114528168397,0.2836068223705991
2025-08-28,12481.676416097192,3048.584569582819,3629.362111577376,2255.923073685982,3547.806661251015,0.24424480077461094,0.29077521244635945,0.18073878848329983,0.28424119829572975
2025-08-29,12102.971000115933,2935.122752172308,3507.855340730634,2157.555864158566,3502.437043054427,0.2425125824183329,0.28983423497396077,0.17826663090722922,0.2893865517004773
2025-08-30,12099.477961826335,2947.0100407547156,3518.732461447365,2132.5169380970415,3501.2185215272134,0.24356505710845433,0.2908168825588105,0.1762486732754173,0.28936938705731796
2025-08-31,12059.076161893196,2931.573600442592,3533.3184228818577,2110.6341791861296,3483.5499593826153,0.24310101048257698,0.2930007552358928,0.17502453345935032,0.2888737008221798
2025-09-01,11940.366302133878,2958.4141788841803,3471.1048322735114,2075.9163405293943,3434.930950446791,0.24776578071608057,0.2907033791461813,0.17385700639338048,0.28767383374435757
2025-09-02,12158.831852800107,3012.6491713482246,3480.7590814303735,2205.63481041956,3459.7887896019492,0.24777455662029155,0.28627413583557165,0.1814018679690529,0.2845494395750839
2025-09-03,12294.97830144069,3025.261456434291,3580.4874752207606,2217.417834448512,3471.811535337124,0.24605667307926846,0.29121543669590777,0.18035150449909143,0.2823763857257322
2025-09-04,12011.452144132087,2998.8604257422126,3457.4682053394436,2128.5191263729325,3426.6043866774976,0.24966676716164043,0.2878476443856548,0.1772074767340076,0.2852781117186971
2025-09-05,12054.880594034476,2996.9408234941984,3465.4329608938547,2139.4605058283887,3453.0463038180337,0.24860808865890185,0.28747136347487107,0.17747670656208162,0.2864438413041454
2025-09-06,12024.329476226285,2984.1573774853405,3437.8298535128597,2105.794722888524,3496.547522339561,0.24817661420417833,0.2859061588681441,0.1751278295435902,0.29078939738408743
2025-09-07,12219.737755402042,3009.8686188255997,3464.419264732384,2170.9169717628242,3574.5329000812344,0.2463120468763752,0.2835101156897455,0.17765659257320116,0.29252124486067815
2025-09-08,12318.649978935364,3034.9981296877645,3464.564078469737,2252.556495391996,3566.5312753858652,0.24637424838578484,0.2812454355301977,0.18285741532098249,0.2895229007630349
2025-09-09,12348.044233431803,3020.9466845641773,3467.5568957083647,2285.1702226149896,3574.3704305442725,0.2446498107275234,0.28081830856420986,0.18506333306030673,0.2894685476479601
2025-09-10,12573.032536438184,3086.313095143049,3499.1182452436733,2357.3412447923242,3630.2599512591387,0.24547085885593126,0.27830344311150085,0.18749185910085425,0.2887338389317137
2025-09-11,12787.947139167329,3127.5512320932366,3587.213268800041,2406.3670411985017,3666.815597075548,0.244570234616788,0.2805151780627096,0.18817461591064955,0.28673997140985275
2025-09-12,13237.552794627467,3142.358006035914,3791.0305589166646,2547.8685351176196,3756.29569455727,0.2373820943181626,0.2863845468820547,0.19247277609738303,0.28376058270239973
2025-09-13,13236.005191013934,3139.3483362020843,3754.320276497696,2549.9726465513613,3792.363931762794,0.23718246486737718,0.2836445152685906,0.1926542495074394,0.286518770356593
2025-09-14,13111.795039591681,3121.7371772032284,3704.407808356718,2522.408786769347,3763.241267262388,0.23808617872510943,0.28252484096731867,0.19237707569046153,0.28701190461711035
2025-09-15,12963.963912048963,3123.94981128425,3639.442756738666,2465.0717501998906,3735.4995938261573,0.2409718071168641,0.2807353353827294,0.19014799539119392,0.28814486210921264
2025-09-16,13158.861007978543,3162.9281907347995,3621.381265607703,2492.951226696966,3881.6003249390737,0.2403648909139657,0.2752047660821077,0.18945038063594014,0.29497996236798635
2025-09-17,13443.752784213033,3153.683063485861,3693.176698504235,2575.853217186382,4021.0398050365557,0.23458353587022396,0.27471322611950466,0.19160224518641852,0.29910099282385294
2025-09-18,13450.068522967525,3170.6350362725743,3690.867723914219,2603.8378992551443,3984.7278635255884,0.23573374595514912,0.2744125591339287,0.19359290956836347,0.2962607853425588
2025-09-19,13233.303921425748,3131.6052002154897,3595.0734366552533,2509.468501451837,3997.156783103168,0.23664575519535808,0.2716686216837014,0.1896328019330692,0.30205282118787136
2025-09-20,13496.622002230168,3133.047339319705,3604.5909172823935,2519.4630307621087,4239.520714865962,0.23213566615424241,0.2670735623096486,0.18667360102000302,0.31411717051610605
2025-09-21,13437.264750908724,3120.7697930003633,3576.0706562314963,2484.534780962,4255.889520714865,0.23224739936669883,0.26613084749927673,0.18489884861381314,0.31672290452021135
2025-09-22,12780.529446532697,3050.8619306583773,3378.247045799758,2318.5203888397928,4032.900081234768,0.2387117015317439,0.2643276289869401,0.18141035537997977,0.3155503141013361
2025-09-23,12754.112525205419,3033.199044228741,3350.2336328295964,2244.0348440853427,4126.645004061738,0.23782125477051866,0.2626786949079107,0.1759459813178338,0.32355406900373684
2025-09-24,12772.640006446629,3068.628271949574,3341.021870092424,2226.1498968985397,4136.839967506093,0.2402501182528256,0.2615764531378116,0.17429050656520137,0.3238829220441616
2025-09-25,11938.568673118672,2951.835045502265,3117.003063615066,2027.7321886967134,3841.99837530463,0.24725200535544326,0.261086831173776,0.1698471771798265,0.32181398629095437
2025-09-26,12274.452520340543,2969.410726525036,3244.02080168885,2158.502714303749,3902.5182778229077,0.24191797732764805,0.26429046805248857,0.17585327824005167,0.3179382763798117
2025-09-27,12276.177911499439,2969.2046292746495,3232.8701439126744,2140.5125615452594,3933.590576766856,0.24186718787231917,0.2633450058494472,0.17436311016152523,0.32042469611670843
2025-09-28,12621.521370939401,3037.671706633645,3332.453723965708,2218.049067878635,4033.346872461413,0.24067397402881835,0.26402947996733284,0.1757354761515211,0.31956106985232774
2025-09-29,12907.942507408998,3095.8450252673606,3391.1113328012766,2238.2485376425534,4182.737611697807,0.23984031719155738,0.2627150942805037,0.1734008759612794,0.3240437125666594
2025-09-30,12715.314464200474,3088.7215351531495,3334.859241047293,2195.4298699659134,4096.303818034118,0.24291349961098782,0.2622710787402446,0.17266028898829597,0.3221551326604717
2025-10-01,13215.279281322491,3211.839861840637,3498.0804134593104,2335.9845137398474,4169.374492282696,0.24303987781628014,0.26469969638880364,0.17676391576842096,0.31549651002649526
2025-10-02,13769.763758808149,3264.2270204815713,3607.752683881266,2469.5955897824347,4428.188464662876,0.23705759064991458,0.2620054161476433,0.1793491619057517,0.3215878312966904
2025-10-03,14221.674739309066,3310.338910543394,3630.697616044075,2449.6065311618904,4831.031681559708,0.23276716499453712,0.2552932536144098,0.17224458975925785,0.3396949916317953
2025-10-04,13995.910005987611,3314.6450160376703,3610.0053420178665,2397.2141564617264,4674.045491470349,0.2368295462474128,0.2579328775673368,0.17127962064890176,0.3339579555363487
2025-10-05,14122.235255802942,3344.200336710367,3631.864171150529,2404.5785464798214,4741.592201462226,0.2368038965599449,0.25717346477840086,0.17026897675364533,0.335753661908009
2025-10-06,14557.168077364571,3376.0554968709507,3768.383299436192,2444.4514581492235,4968.277822908205,0.23191705137488194,0.2588678841522602,0.1679208102261444,0.34129425424671345
2025-10-07,14476.717867596552,3285.990456803587,3578.266997914682,2314.206960400623,5298.25345247766,0.22698449240063368,0.24717391266731592,0.15985715695824576,0.3659844379738047
2025-10-08,14756.197904361006,3678.0325817963308,3682.665849075875,3768.079654085742,3627.4198194030596,0.2492534056289212,0.24956739350774837,0.255355727708974,0.24582347315435651
2025-10-09,14301.385700794555,3629.0064650506697,3554.39927098668,3634.9744038824683,3483.005560874736,0.2537520867540164,0.24853530597312715,0.2541693846967932,0.2435432225760632
2025-10-10,12639.296437898876,3363.893771558483,3116.3171949486177,3100.249974759306,3058.8354966324696,0.2661456504392018,0.24655780567060315,0.2452865940752224,0.24200994981497265
2025-10-11,12420.869102370601,3300.3560912956864,3048.835450858426,2922.3924031032634,3149.285157113225,0.2657105605167188,0.2454607182259522,0.23528083091589028,0.25354789034143865
2025-10-12,13582.798755400876,3407.0099683048634,3359.5541772643073,3220.0282468828946,3596.206362948811,0.2508326913810857,0.24733887601246105,0.23706662410812257,0.2647618084983307
2025-10-13,13571.014424227707,3418.34539352127,3363.6715970773585,3191.0708624134554,3597.9265712156225,0.2518857682015764,0.2478570497333162,0.23513871274917986,0.2651184693159275
