strategy,strategy_name,horizon_name,dataset_type,num_windows,mean_return,median_return,std_return,p25_return,p75_return,weighted_return,mean_sharpe,median_sharpe,std_sharpe,p25_sharpe,p75_sharpe,weighted_sharpe,mean_drawdown,median_drawdown,std_drawdown,p25_drawdown,p75_drawdown,weighted_drawdown,mean_win_rate,median_win_rate,std_win_rate,p25_win_rate,p75_win_rate,weighted_win_rate,mean_trades,total_trades,consistency_score
SMA_Crossover,SMA_Crossover,30d,train,12,0.02110356613511241,0.0028453327233340132,0.0682562465217971,-0.019044513353505724,0.06502511499249222,0.018762664462186357,inf,1.8668031608865094,,-1.0872255916066256,3.757679387029614,inf,0.05944391421020279,0.06376711188587902,0.03608637108126883,0.03276230791225074,0.08182154957131604,0.06006645484052324,0.5416666666666666,0.5,0.4310033513661917,0.0,1.0,0.5351907428991353,1.4166666666666667,17,
SMA_Crossover,SMA_Crossover,30d,test,11,0.024353284183169774,0.004936459187531727,0.07039690991100858,-0.016124028116733642,0.06521513909047827,0.022489405614081102,inf,2.824578408868074,,-0.7482264007270598,3.89774432611484,inf,0.059037733894663484,0.0636223260906228,0.03766471274831976,0.03261053378012285,0.08311073576427508,0.059670466370584783,0.5454545454545454,0.5,0.4499770425732575,0.0,1.0,0.538877768647901,1.3636363636363635,15,
SMA_Crossover,SMA_Crossover,90d,train,4,0.13299916904502962,0.07088899610035569,0.1843507609790823,-0.007436575596821922,0.21132474074220722,0.1250005654302814,1.4906686411255976,1.2514729598969374,1.6878490194822298,0.05589346755976518,2.6862481334627697,1.4251226106118469,0.13227650269142993,0.12596361163042774,0.020727607208297895,0.11363646412395656,0.1446036501979011,0.1336422226574389,0.4214285714285714,0.45,0.08835226340609273,0.37142857142857144,0.5,0.4153412397406216,5.5,22,0.4689823371440816
SMA_Crossover,SMA_Crossover,90d,test,3,0.19099885954992715,0.13802679217325295,0.1784873880794757,0.07088899610035569,0.2846226893111615,0.19743107929313278,2.116928553397571,2.299050931150747,1.4931978566867485,1.2514729598969374,3.0734453357747924,2.2269711836204813,0.12181506763264398,0.1136759589529166,0.011622325075124165,0.11359696929499652,0.12596361163042774,0.12046671595374782,0.4666666666666666,0.5,0.04714045207910316,0.45,0.5,0.47215533477549687,5.0,15,0.586386268216056
SMA_Crossover,SMA_Crossover,180d,train,2,0.2746257629712639,0.2746257629712639,0.19851604986378452,0.1753677380393716,0.37388378790315613,0.24941091859344444,1.4944835044039098,1.4944835044039098,0.8383695659384119,1.0752987214347038,1.913668287373116,1.3879966074968726,0.16566844724992674,0.16566844724992674,0.02741718294198786,0.1519598557789328,0.17937703872092067,0.16915088608363715,0.4423076923076923,0.4423076923076923,0.05769230769230768,0.4134615384615385,0.47115384615384615,0.43497980843504336,11.5,23,0.6406247883346592
SMA_Crossover,SMA_Crossover,180d,test,1,0.4731418128350484,0.4731418128350484,0.0,0.4731418128350484,0.4731418128350484,0.4731418128350484,2.332853070342322,2.332853070342322,0.0,2.332853070342322,2.332853070342322,2.332853070342322,0.13825126430793888,0.13825126430793888,0.0,0.13825126430793888,0.13825126430793888,0.13825126430793888,0.5,0.5,0.0,0.5,0.5,0.5,10.0,10,0.0
RSI_MeanReversion,RSI_MeanReversion,30d,train,12,0.00948937930696879,0.0287440410646861,0.05524218073066778,-0.02769006373777938,0.055998429491271644,0.006161456718337971,1.0182422521564902,1.3496870898166478,2.0728116210610037,-0.7770662885184787,2.8989214993489267,0.8859054356253512,0.1031620214579591,0.07657859896566455,0.058972450212203376,0.05659696138537826,0.14417959327511495,0.10744207256279469,0.6597222222222222,0.6666666666666666,0.20821756042451323,0.5,0.75,0.6424090910470466,3.1666666666666665,38,0.32941588659423676
RSI_MeanReversion,RSI_MeanReversion,30d,test,11,0.007102840315637227,0.02174677391775622,0.05710322977604514,-0.03432495104228438,0.05609627716788318,0.0023189037718477626,0.9401702752566078,0.8223401815780992,2.148022459775401,-1.0309989548662557,2.956634682397368,0.7552537071083987,0.10628394022486756,0.07879113907532165,0.06063787960467566,0.05647732995173432,0.14739057685049844,0.11244690122638816,0.6590909090909091,0.6666666666666666,0.2174651529455655,0.5,0.75,0.6378385107281564,3.1818181818181817,35,0.30444028463361533
RSI_MeanReversion,RSI_MeanReversion,90d,train,4,0.04193375325204789,0.08609366420134838,0.09294706274141946,0.01897078318799081,0.10905663426540546,0.031450986777377926,0.7482082731479092,1.1151891282531692,1.0662256498531055,0.36534309499760076,1.4980543064034775,0.6224008379079247,0.15945297506533157,0.15494056902057218,0.060400247287190054,0.13515148032573085,0.1792420637601729,0.16764612889610772,0.6526424963924964,0.6306818181818181,0.07629490341115189,0.6116071428571428,0.6717171717171717,0.6431580614728497,8.75,35,0.41236457479278005
RSI_MeanReversion,RSI_MeanReversion,90d,test,3,0.09449014481185757,0.10831447700958197,0.02168359105847134,0.08609366420134838,0.10979879152122894,0.09446934526071017,1.3321983055315807,1.4086668551751689,0.38936540273327047,1.1151891282531692,1.5874417576317863,1.3144508561473416,0.12955742570548834,0.15393826074253425,0.03590651301687462,0.11636469990892745,0.15494056902057218,0.13379843996664054,0.6797138047138046,0.6363636363636364,0.06949671535485193,0.6306818181818181,0.7070707070707071,0.6719883964044943,9.333333333333334,28,0.7738303840490989
RSI_MeanReversion,RSI_MeanReversion,180d,train,2,0.07251989855380198,0.07251989855380198,0.09247666461499084,0.02628156624630656,0.1187582308612974,0.060773822060506875,0.5751512363106883,0.5751512363106883,0.49575921490120245,0.32727162886008715,0.8230308437612895,0.5121815597470994,0.20233902772774792,0.20233902772774792,0.04840076698521312,0.17813864423514136,0.22653941122035448,0.20848673119120426,0.6493055555555556,0.6493055555555556,0.03819444444444442,0.6302083333333334,0.6684027777777778,0.6444542250287556,17.0,34,0.5370675350677745
RSI_MeanReversion,RSI_MeanReversion,180d,test,1,0.16499656316879283,0.16499656316879283,0.0,0.16499656316879283,0.16499656316879283,0.16499656316879283,1.0709104512118908,1.0709104512118908,0.0,1.0709104512118908,1.0709104512118908,1.0709104512118908,0.1539382607425348,0.1539382607425348,0.0,0.1539382607425348,0.1539382607425348,0.1539382607425348,0.6875,0.6875,0.0,0.6875,0.6875,0.6875,16.0,16,0.0
MACD_Momentum,MACD_Momentum,30d,train,12,-0.017315687021081175,-0.03175533840422968,0.051898617327392066,-0.056901321585583586,0.02487807661547031,-0.02009764535356272,-0.4156441480050968,-1.044502298097726,1.9374638215843611,-1.7625039052661875,1.1599118952724798,-0.5169549076575591,0.11232814182647444,0.10157775587697154,0.036285259514346094,0.08732835030373809,0.13561594354044063,0.11541554546655912,0.35136388078854347,0.35391304347826086,0.05347507271245148,0.3169230769230769,0.3857142857142857,0.35237990460005575,25.333333333333332,304,0.176636241675563
MACD_Momentum,MACD_Momentum,30d,test,11,-0.020875797155651774,-0.039491957773599644,0.052784793829167585,-0.05809139765465489,0.017402413406892085,-0.02532611169237564,-0.5461010636856483,-1.3577083092427977,1.9725084125947308,-1.81350126930657,0.901698851835173,-0.7083701818819352,0.11070755660983632,0.10106742620789588,0.03748062477118541,0.08698971725584514,0.13483179178022714,0.11396839222581012,0.35421514267841103,0.36,0.05497262224639642,0.3269230769230769,0.3904761904761905,0.35630066680716843,25.363636363636363,279,0.2168264150630293
MACD_Momentum,MACD_Momentum,90d,train,4,-0.06582695368056768,-0.07890611250470064,0.08271923862550638,-0.10869830086869477,-0.03603476531657357,-0.07418423776407378,-0.6891060046246659,-0.7264454879133316,1.1156784279379688,-1.182791375082254,-0.23276011745574332,-0.7923863498226491,0.16854612562061141,0.1827804023606333,0.04124916123453689,0.15706138558470228,0.19426514239654244,0.1731367477851426,0.34596305470647915,0.33894274739345165,0.04196660090876228,0.3090674385855109,0.37583836351441985,0.3455332073064238,78.75,315,0.3818217800372957
MACD_Momentum,MACD_Momentum,90d,test,3,-0.05810533232792232,-0.06882040727089753,0.09425923211967148,-0.11831907876508263,-0.003249123362249612,-0.07105357363009873,-0.6403363553663252,-0.6174760234269753,1.2845766713849314,-1.421198333278464,0.15195578851548863,-0.8181678985494063,0.1615718313771385,0.17609179637023642,0.04554222893050949,0.13803097479916815,0.1923726704516578,0.16764124498134744,0.3573879690458683,0.36619718309859156,0.04273343092315723,0.33370100118785,0.3854795439302482,0.36083184178189864,79.33333333333333,238,0.3326572922866252
MACD_Momentum,MACD_Momentum,180d,train,2,-0.14070449413675276,-0.14070449413675276,0.11177060446187179,-0.19658979636768867,-0.08481919190581688,-0.1549012223078741,-0.7738411120456048,-0.7738411120456048,0.7727882331184487,-1.160235228604829,-0.3874469954863804,-0.8719980875065929,0.25233024134917437,0.25233024134917437,0.067035862462697,0.21881231011782587,0.28584817258052286,0.260844912283286,0.34635666347075744,0.34635666347075744,0.010786193672099709,0.3409635666347076,0.35174976030680727,0.34498663724336864,158.5,317,0.5003403785562611
MACD_Momentum,MACD_Momentum,180d,test,1,-0.028933889674880992,-0.028933889674880992,0.0,-0.028933889674880992,-0.028933889674880992,-0.028933889674880992,-0.0010528789271561235,-0.0010528789271561235,0.0,-0.0010528789271561235,-0.0010528789271561235,-0.0010528789271561235,0.18529437888647737,0.18529437888647737,0.0,0.18529437888647737,0.18529437888647737,0.18529437888647737,0.35714285714285715,0.35714285714285715,0.0,0.35714285714285715,0.35714285714285715,0.35714285714285715,168.0,168,0.0
BollingerBreakout,BollingerBreakout,30d,train,12,0.012388351495257728,0.020927729070260467,0.07608184480721954,-0.03880933260851116,0.08227970670921463,0.007331902900107951,0.5393615136751037,0.9832362873981744,3.095040247681222,-1.3249197043386216,2.7154470987107917,0.3465797559126122,0.09704017846156783,0.10335866620626977,0.03260362482932214,0.07508923968407055,0.11431392281504932,0.09784959264941662,0.38700396825396827,0.375,0.16447077327543877,0.2857142857142857,0.4111111111111111,0.391401925588387,8.25,99,0.14840448279824156
BollingerBreakout,BollingerBreakout,30d,test,11,0.010110627315617652,0.01625900952986085,0.07907220272944666,-0.04772727338116074,0.08838278132413624,0.0032722439642285358,0.4226350505518713,0.848356090998495,3.2072755465672316,-1.667967288233762,2.9632773026566355,0.1528747838183438,0.10156740821082161,0.1048549868000106,0.030227184347568128,0.08689612146499981,0.11502894735358782,0.10392754830016146,0.3572510822510822,0.375,0.13742988472663994,0.2857142857142857,0.3875,0.3535523954785492,8.363636363636363,92,0.11643125615471017
BollingerBreakout,BollingerBreakout,90d,train,4,0.023957061949094572,0.03629627368956726,0.11112779866741242,-0.07150720769237423,0.13176054333103607,0.011151795596012,0.3014732845432315,0.5029253774652123,1.3964184111238935,-0.8479680333405746,1.6523666953490184,0.14437122900741278,0.1693947388519447,0.14829767395472,0.05779986679420272,0.12673822023792514,0.19095419256873955,0.17367142690573548,0.37432712215320907,0.3666666666666667,0.07244661139694415,0.3214285714285714,0.41956521739130437,0.37968730051859323,25.0,100,0.17755742920032275
BollingerBreakout,BollingerBreakout,90d,test,3,0.05114806057903296,0.13020848131985513,0.11622585149718924,0.008513726186260007,0.133312605342217,0.03699092406633247,0.6133691778709186,1.640065150370254,1.4868970975835336,0.07541810166372187,1.6646682403277828,0.43144674232091,0.17036786776351662,0.130119995792211,0.06671315374339074,0.12335644468363927,0.19725535485774115,0.17890944062977157,0.33968253968253964,0.3333333333333333,0.046872454159471125,0.30952380952380953,0.3666666666666667,0.3367033656508311,25.666666666666668,77,0.29204353040340025
BollingerBreakout,BollingerBreakout,180d,train,2,0.054090311040822084,0.054090311040822084,0.23029751480079463,-0.06105844635957522,0.1692390684412194,0.024838691334077262,0.2575858309366117,0.2575858309366117,1.4073960513791417,-0.44611219475295916,0.9612838566261825,0.07882309392953868,0.2127030286289452,0.2127030286289452,0.06507335393072478,0.1801663516635828,0.24523970559430758,0.22096842829628632,0.36994797919167666,0.36994797919167666,0.0026010404161664613,0.36864745898359347,0.3712484993997599,0.37027835464171743,50.0,100,0.15470788821938794
BollingerBreakout,BollingerBreakout,180d,test,1,0.2843878258416167,0.2843878258416167,0.0,0.2843878258416167,0.2843878258416167,0.2843878258416167,1.6649818823157534,1.6649818823157534,0.0,1.6649818823157534,1.6649818823157534,1.6649818823157534,0.14762967469822041,0.14762967469822041,0.0,0.14762967469822041,0.14762967469822041,0.14762967469822041,0.3673469387755102,0.3673469387755102,0.0,0.3673469387755102,0.3673469387755102,0.3673469387755102,49.0,49,0.0
TripleEMA,TripleEMA,30d,train,12,0.04264688784152931,0.025435683664545378,0.11503549048303359,-0.05619512456839307,0.0915964726618795,0.04119180184055635,1.1625594330564435,1.1895087142224807,3.651248163346439,-1.9394798333382182,3.962812839357086,1.1477087601656433,0.08682169870450314,0.0890675522948654,0.030161006033766813,0.056961263846931176,0.10548365245177826,0.08531471249090856,0.4369047619047619,0.3666666666666667,0.28042643129905964,0.2375,0.5,0.4426659578387366,4.333333333333333,52,0.24150517231415025
TripleEMA,TripleEMA,30d,test,11,0.0382211939279237,0.010768852503642665,0.11916852682979952,-0.06379356658885671,0.07657343221761403,0.03508947621154236,0.9144630562318642,0.5866607634120532,3.715502151239869,-2.2429551304348525,3.417154493923316,0.8209130466626497,0.09008149186720708,0.09271261093107197,0.029408672540333643,0.063607096782683,0.10672879944114932,0.08923132977568819,0.38571428571428573,0.3333333333333333,0.2331145718914155,0.225,0.5,0.37711342283264626,4.454545454545454,49,0.1975097036919682
TripleEMA,TripleEMA,90d,train,4,0.1154893117469693,0.0169127609905574,0.21229867914028022,-0.03527590717685489,0.1676779799143816,0.11197683652341299,1.0737657651145731,0.31807973830937786,1.8387101909452572,-0.3704732997528613,1.7623188031768124,1.0649592339458969,0.15193413792253704,0.15557703758360797,0.016852359735342312,0.14114583569301123,0.16636533981313378,0.15145787444912134,0.35470779220779225,0.3522727272727273,0.12425725952954166,0.24107142857142858,0.4659090909090909,0.3629969856621727,13.25,53,0.36867798440720073
TripleEMA,TripleEMA,90d,test,3,0.13230454406739675,-0.03121809280457219,0.24282359317204685,-0.03933372154913759,0.22218149124794662,0.13157451682773408,1.104584957690199,-0.34514871076894044,2.1222647332171367,-0.39579788873678223,1.8801009698876103,1.095910756787012,0.15397782712166794,0.16535100484207155,0.019025317588990173,0.14626256831934165,0.16737967478419602,0.15387723514669582,0.3062770562770563,0.25,0.10585057390752205,0.23214285714285715,0.3522727272727273,0.30354838957593067,13.666666666666666,41,0.34231063219421554
TripleEMA,TripleEMA,180d,train,2,0.2252951066564304,0.2252951066564304,0.21795135706464946,0.11631942812410566,0.33427078518875514,0.19761165459252614,1.207754375529606,1.207754375529606,1.0113110647712094,0.7020988431440014,1.7134099079152108,1.0793010281389528,0.17034375495660753,0.17034375495660753,0.0013065026734986884,0.16969050361985819,0.17099700629335687,0.1701778073588487,0.34615384615384615,0.34615384615384615,0.0,0.34615384615384615,0.34615384615384615,0.34615384615384615,26.0,52,0.5442626222712402
TripleEMA,TripleEMA,180d,test,1,0.44324646372107984,0.44324646372107984,0.0,0.44324646372107984,0.44324646372107984,0.44324646372107984,2.2190654403008154,2.2190654403008154,0.0,2.2190654403008154,2.2190654403008154,2.2190654403008154,0.17165025763010622,0.17165025763010622,0.0,0.17165025763010622,0.17165025763010622,0.17165025763010622,0.34615384615384615,0.34615384615384615,0.0,0.34615384615384615,0.34615384615384615,0.34615384615384615,26.0,26,0.0
Supertrend_ATR,Supertrend_ATR,30d,train,12,0.030959103880124576,0.004488662290049433,0.07378919597315778,-0.022731086042945662,0.1157487791367268,0.030536291053894896,1.172697889607549,0.33600590084474935,2.760806635526506,-0.8941054739468697,4.107888206104696,1.165057427557292,0.07889256512876532,0.08463466449043083,0.02208191721772505,0.0671140124316782,0.08954065036706879,0.07914557677837282,0.4374007936507936,0.4017857142857143,0.16531513969177983,0.2857142857142857,0.5178571428571428,0.44570901464939083,7.25,87,0.2981305556188684
Supertrend_ATR,Supertrend_ATR,30d,test,11,0.023551623272852554,-0.010275471466123964,0.07267311858112095,-0.03182773265931846,0.08112592789114596,0.020781083853406608,0.8644596746935985,-0.22770445795856892,2.6785887417818555,-1.2199588740540928,2.8089282008058225,0.7614848417836156,0.08207669028918047,0.08810112297555217,0.0202552588350344,0.07394458559589479,0.09002738988981823,0.08334455324811035,0.4014069264069264,0.375,0.11944394869767679,0.2857142857142857,0.5,0.400604454137079,7.363636363636363,81,0.24398754210464438
Supertrend_ATR,Supertrend_ATR,90d,train,4,0.061841617011911376,0.06275173589194147,0.10214096165437918,-0.00972633127194831,0.13431968417580115,0.062438168500286204,0.7633295511182436,0.9096353331529219,1.1875886956945019,-0.003214859257195002,1.6761797435283605,0.7727309636118993,0.14003259316051098,0.130778564695197,0.032860795980994686,0.11099247280268812,0.15981868505301985,0.14029280225075705,0.38774323502584374,0.34891304347826085,0.0925998635316241,0.3377926421404682,0.3988636363636363,0.39691681609120383,22.75,91,0.391266805959353
Supertrend_ATR,Supertrend_ATR,90d,test,3,0.0445443764003235,0.011770132937207927,0.11275455614951657,-0.03122279548110455,0.10392442655019377,0.038960409343530976,0.5140735086190698,0.3081729876900786,1.277487735609397,-0.3146027062044686,1.2397994629781126,0.43576636850208256,0.15037546133026092,0.14990182853723022,0.03181000150003301,0.130778564695197,0.1697355415688095,0.15477876887622669,0.3351727982162765,0.34782608695652173,0.019451897834720462,0.3277591973244147,0.34891304347826085,0.3327223086388353,23.0,69,0.28694163276592577
Supertrend_ATR,Supertrend_ATR,180d,train,2,0.10431332353160587,0.10431332353160587,0.09020750896438885,0.05920956904941145,0.1494170780138003,0.09285546759598476,0.7413067171993568,0.7413067171993568,0.4952835177153257,0.49366495834169394,0.9889484760570196,0.6783974621005366,0.16973554156880932,0.16973554156880932,0.019833713031579436,0.1598186850530196,0.17965239808459904,0.1722547534303629,0.3683712121212121,0.3683712121212121,0.027462121212121215,0.3546401515151515,0.3821022727272727,0.3718593588636221,46.0,92,0.5994764443942925
Supertrend_ATR,Supertrend_ATR,180d,test,1,0.19452083249599472,0.19452083249599472,0.0,0.19452083249599472,0.19452083249599472,0.19452083249599472,1.2365902349146825,1.2365902349146825,0.0,1.2365902349146825,1.2365902349146825,1.2365902349146825,0.1499018285372299,0.1499018285372299,0.0,0.1499018285372299,0.1499018285372299,0.1499018285372299,0.3409090909090909,0.3409090909090909,0.0,0.3409090909090909,0.3409090909090909,0.3409090909090909,44.0,44,0.0
Ichimoku_Cloud,Ichimoku_Cloud,30d,train,12,0.0483738074250245,0.027691445701028532,0.11045331275400845,-0.030020895985575044,0.09866261426050091,0.042185423541710274,1.6940604813741473,1.0044795030307976,3.004654790311103,-0.7389782769242209,3.256440942345658,1.5215166764281234,0.12888451654942615,0.1373389927388397,0.058989148013831365,0.08441618685312888,0.15427316287089693,0.13294531937988524,0.5833333333333334,1.0,0.4930066485916347,0.0,1.0,0.5648589658643909,1.0,12,0.3605369517882177
Ichimoku_Cloud,Ichimoku_Cloud,30d,test,11,0.04515275357929529,0.007848475952250737,0.1148238519647465,-0.037092006230742845,0.10962749254048113,0.03662825349922918,1.5858262209117826,0.4364601491449291,3.1157819743580393,-0.8267370729189059,3.549423167741203,1.3427567012939168,0.13170264735470888,0.13943217877928316,0.06083383427431439,0.08369919053804348,0.15650790637165157,0.13750760525837746,0.5454545454545454,1.0,0.49792959773196915,0.0,1.0,0.5113971065328266,1.0,11,0.3372944224717077
Ichimoku_Cloud,Ichimoku_Cloud,90d,train,4,0.1648872402629696,0.08523780913531864,0.21802789189110158,-0.021275060849087004,0.2714001102473752,0.14567552734440511,1.3560131983218715,1.005508770985018,1.4238522075065905,0.05248305442282597,2.3090389148840633,1.2099651062499166,0.20977654473883034,0.20646297399653807,0.0471728280036011,0.1709790321290315,0.2452604866063369,0.21642402661558163,0.5,0.5,0.5,0.0,1.0,0.43649167310370846,1.0,4,0.4877981486005612
Ichimoku_Cloud,Ichimoku_Cloud,90d,test,3,0.2268490426667871,0.19147378521912015,0.21914490418012983,0.08468402133411036,0.35132643527563034,0.21342075446901954,1.783834723357276,1.9384689187543775,1.4039284582772409,0.9653776333993535,2.6796089110137493,1.6660498929317444,0.18881523328742675,0.17679879221564065,0.03477826847461119,0.16515927204242237,0.20646297399653807,0.19353903075089599,0.6666666666666666,1.0,0.4714045207910317,0.5,1.0,0.6085816632543731,1.0,3,0.5595882196125433
Ichimoku_Cloud,Ichimoku_Cloud,180d,train,2,0.36843770813198146,0.36843770813198146,0.38256515840608324,0.17715512892893978,0.5597202873350231,0.31984556185361124,1.3824608748090486,1.3824608748090486,1.2140210434595125,0.7754503530792922,1.989471396538805,1.2282599842350412,0.24284666435338553,0.24284666435338553,0.04828852718342325,0.2187024007616739,0.26699092794509716,0.24898011149279614,0.5,0.5,0.5,0.25,0.75,0.43649167310370846,1.0,2,0.532436164905369
Ichimoku_Cloud,Ichimoku_Cloud,180d,test,1,0.7510028665380647,0.7510028665380647,0.0,0.7510028665380647,0.7510028665380647,0.7510028665380647,2.596481918268561,2.596481918268561,0.0,2.596481918268561,2.596481918268561,2.596481918268561,0.1945581371699623,0.1945581371699623,0.0,0.1945581371699623,0.1945581371699623,0.1945581371699623,1.0,1.0,0.0,1.0,1.0,1.0,1.0,1,0.0
VWAP_MeanReversion,VWAP_MeanReversion,30d,train,12,0.003072674789644889,0.009239024447324481,0.060007105334389334,-0.03218748029723597,0.055998429491271644,-0.0005168924936400072,1.060957493051857,0.447479641998574,2.646865347941642,-0.8990881620421548,2.642794060259985,0.8914278916707877,0.10469934269137333,0.09659754785499891,0.060746067677072704,0.05659696138537826,0.14261236409399564,0.1093993703144366,0.611111111111111,0.6666666666666666,0.2642541332005618,0.5,0.75,0.5894604893829067,2.9166666666666665,35,0.2861402873195465
VWAP_MeanReversion,VWAP_MeanReversion,30d,test,11,-0.0009243317540049107,-0.003268725023107254,0.061126836982571583,-0.03306968913261471,0.05609627716788318,-0.006505904775030259,0.9306106810806143,0.07261910241904874,2.7274369516584276,-0.9362505285954841,2.708932145606818,0.6851527796813498,0.10796101793404672,0.11440395663467617,0.06243304159251931,0.05647732995173432,0.1442561184882586,0.11467132539585088,0.606060606060606,0.6666666666666666,0.27544937822269455,0.5,0.75,0.5781874912985049,2.909090909090909,32,0.2544009194281048
VWAP_MeanReversion,VWAP_MeanReversion,90d,train,4,0.021639568283492464,0.03444019323287257,0.10493075237950353,-0.030113460738291502,0.08619322225465653,0.006838604251031458,0.5422950969443318,0.5224657822438924,1.2705698838467236,-0.13493929290653725,1.1997001720947613,0.36400179897246554,0.1578896914880909,0.15181400186609023,0.0605515977936896,0.13196509201106504,0.1777386013431161,0.1659966291735543,0.6145833333333333,0.5902777777777778,0.1041087802122566,0.5416666666666667,0.6631944444444444,0.6004332677800864,8.0,32,0.29913705802166124
VWAP_MeanReversion,VWAP_MeanReversion,90d,test,3,0.07401157376834229,0.0638728513931148,0.06090409859676402,0.034440193232872576,0.10851359311619826,0.06569201736000095,1.1261993496244405,0.8217114013311696,0.888080552536032,0.5224657822438924,1.5776889428583531,1.0084497875494018,0.12747304760250067,0.1496897429896462,0.0344669758770201,0.11424044103248387,0.15181400186609023,0.13135084853597914,0.6527777777777778,0.625,0.09282378544334917,0.5902777777777778,0.7013888888888888,0.6403586318189891,8.666666666666666,26,0.5591076733757327
VWAP_MeanReversion,VWAP_MeanReversion,180d,train,2,0.03887215306985191,0.03887215306985191,0.1700194692340109,-0.046137581547153556,0.12388188768685737,0.017276849008156805,0.35222484787895103,0.35222484787895103,0.9354317325792628,-0.11549101841068038,0.8199407141685824,0.2334094393553346,0.21417748573881507,0.21417748573881507,0.06023922499628004,0.18405787324067505,0.24429709823695508,0.2218288705249011,0.6104166666666666,0.6104166666666666,0.07708333333333334,0.571875,0.6489583333333333,0.6006257996034885,15.5,31,0.27353943064043634
VWAP_MeanReversion,VWAP_MeanReversion,180d,test,1,0.20889162230386282,0.20889162230386282,0.0,0.20889162230386282,0.20889162230386282,0.20889162230386282,1.2876565804582139,1.2876565804582139,0.0,1.2876565804582139,1.2876565804582139,1.2876565804582139,0.15393826074253503,0.15393826074253503,0.0,0.15393826074253503,0.15393826074253503,0.15393826074253503,0.6875,0.6875,0.0,0.6875,0.6875,0.6875,16.0,16,0.0
HierarchicalRiskParity,HierarchicalRiskParity,30d,train,0,0.0,0.0,0.0,0.0,0.0,0.0,0.0,0.0,0.0,0.0,0.0,0.0,0.0,0.0,0.0,0.0,0.0,0.0,0.0,0.0,0.0,0.0,0.0,0.0,0.0,0,0.0
HierarchicalRiskParity,HierarchicalRiskParity,30d,test,0,0.0,0.0,0.0,0.0,0.0,0.0,0.0,0.0,0.0,0.0,0.0,0.0,0.0,0.0,0.0,0.0,0.0,0.0,0.0,0.0,0.0,0.0,0.0,0.0,0.0,0,0.0
HierarchicalRiskParity,HierarchicalRiskParity,90d,train,0,0.0,0.0,0.0,0.0,0.0,0.0,0.0,0.0,0.0,0.0,0.0,0.0,0.0,0.0,0.0,0.0,0.0,0.0,0.0,0.0,0.0,0.0,0.0,0.0,0.0,0,0.0
HierarchicalRiskParity,HierarchicalRiskParity,90d,test,0,0.0,0.0,0.0,0.0,0.0,0.0,0.0,0.0,0.0,0.0,0.0,0.0,0.0,0.0,0.0,0.0,0.0,0.0,0.0,0.0,0.0,0.0,0.0,0.0,0.0,0,0.0
HierarchicalRiskParity,HierarchicalRiskParity,180d,train,0,0.0,0.0,0.0,0.0,0.0,0.0,0.0,0.0,0.0,0.0,0.0,0.0,0.0,0.0,0.0,0.0,0.0,0.0,0.0,0.0,0.0,0.0,0.0,0.0,0.0,0,0.0
HierarchicalRiskParity,HierarchicalRiskParity,180d,test,0,0.0,0.0,0.0,0.0,0.0,0.0,0.0,0.0,0.0,0.0,0.0,0.0,0.0,0.0,0.0,0.0,0.0,0.0,0.0,0.0,0.0,0.0,0.0,0.0,0.0,0,0.0
BlackLitterman,BlackLitterman,30d,train,0,0.0,0.0,0.0,0.0,0.0,0.0,0.0,0.0,0.0,0.0,0.0,0.0,0.0,0.0,0.0,0.0,0.0,0.0,0.0,0.0,0.0,0.0,0.0,0.0,0.0,0,0.0
BlackLitterman,BlackLitterman,30d,test,0,0.0,0.0,0.0,0.0,0.0,0.0,0.0,0.0,0.0,0.0,0.0,0.0,0.0,0.0,0.0,0.0,0.0,0.0,0.0,0.0,0.0,0.0,0.0,0.0,0.0,0,0.0
BlackLitterman,BlackLitterman,90d,train,0,0.0,0.0,0.0,0.0,0.0,0.0,0.0,0.0,0.0,0.0,0.0,0.0,0.0,0.0,0.0,0.0,0.0,0.0,0.0,0.0,0.0,0.0,0.0,0.0,0.0,0,0.0
BlackLitterman,BlackLitterman,90d,test,0,0.0,0.0,0.0,0.0,0.0,0.0,0.0,0.0,0.0,0.0,0.0,0.0,0.0,0.0,0.0,0.0,0.0,0.0,0.0,0.0,0.0,0.0,0.0,0.0,0.0,0,0.0
BlackLitterman,BlackLitterman,180d,train,0,0.0,0.0,0.0,0.0,0.0,0.0,0.0,0.0,0.0,0.0,0.0,0.0,0.0,0.0,0.0,0.0,0.0,0.0,0.0,0.0,0.0,0.0,0.0,0.0,0.0,0,0.0
BlackLitterman,BlackLitterman,180d,test,0,0.0,0.0,0.0,0.0,0.0,0.0,0.0,0.0,0.0,0.0,0.0,0.0,0.0,0.0,0.0,0.0,0.0,0.0,0.0,0.0,0.0,0.0,0.0,0.0,0.0,0,0.0
RiskParity,RiskParity,30d,train,0,0.0,0.0,0.0,0.0,0.0,0.0,0.0,0.0,0.0,0.0,0.0,0.0,0.0,0.0,0.0,0.0,0.0,0.0,0.0,0.0,0.0,0.0,0.0,0.0,0.0,0,0.0
RiskParity,RiskParity,30d,test,0,0.0,0.0,0.0,0.0,0.0,0.0,0.0,0.0,0.0,0.0,0.0,0.0,0.0,0.0,0.0,0.0,0.0,0.0,0.0,0.0,0.0,0.0,0.0,0.0,0.0,0,0.0
RiskParity,RiskParity,90d,train,0,0.0,0.0,0.0,0.0,0.0,0.0,0.0,0.0,0.0,0.0,0.0,0.0,0.0,0.0,0.0,0.0,0.0,0.0,0.0,0.0,0.0,0.0,0.0,0.0,0.0,0,0.0
RiskParity,RiskParity,90d,test,0,0.0,0.0,0.0,0.0,0.0,0.0,0.0,0.0,0.0,0.0,0.0,0.0,0.0,0.0,0.0,0.0,0.0,0.0,0.0,0.0,0.0,0.0,0.0,0.0,0.0,0,0.0
RiskParity,RiskParity,180d,train,0,0.0,0.0,0.0,0.0,0.0,0.0,0.0,0.0,0.0,0.0,0.0,0.0,0.0,0.0,0.0,0.0,0.0,0.0,0.0,0.0,0.0,0.0,0.0,0.0,0.0,0,0.0
RiskParity,RiskParity,180d,test,0,0.0,0.0,0.0,0.0,0.0,0.0,0.0,0.0,0.0,0.0,0.0,0.0,0.0,0.0,0.0,0.0,0.0,0.0,0.0,0.0,0.0,0.0,0.0,0.0,0.0,0,0.0
CopulaPairsTrading,CopulaPairsTrading,30d,train,0,0.0,0.0,0.0,0.0,0.0,0.0,0.0,0.0,0.0,0.0,0.0,0.0,0.0,0.0,0.0,0.0,0.0,0.0,0.0,0.0,0.0,0.0,0.0,0.0,0.0,0,0.0
CopulaPairsTrading,CopulaPairsTrading,30d,test,0,0.0,0.0,0.0,0.0,0.0,0.0,0.0,0.0,0.0,0.0,0.0,0.0,0.0,0.0,0.0,0.0,0.0,0.0,0.0,0.0,0.0,0.0,0.0,0.0,0.0,0,0.0
CopulaPairsTrading,CopulaPairsTrading,90d,train,0,0.0,0.0,0.0,0.0,0.0,0.0,0.0,0.0,0.0,0.0,0.0,0.0,0.0,0.0,0.0,0.0,0.0,0.0,0.0,0.0,0.0,0.0,0.0,0.0,0.0,0,0.0
CopulaPairsTrading,CopulaPairsTrading,90d,test,0,0.0,0.0,0.0,0.0,0.0,0.0,0.0,0.0,0.0,0.0,0.0,0.0,0.0,0.0,0.0,0.0,0.0,0.0,0.0,0.0,0.0,0.0,0.0,0.0,0.0,0,0.0
CopulaPairsTrading,CopulaPairsTrading,180d,train,0,0.0,0.0,0.0,0.0,0.0,0.0,0.0,0.0,0.0,0.0,0.0,0.0,0.0,0.0,0.0,0.0,0.0,0.0,0.0,0.0,0.0,0.0,0.0,0.0,0.0,0,0.0
CopulaPairsTrading,CopulaPairsTrading,180d,test,0,0.0,0.0,0.0,0.0,0.0,0.0,0.0,0.0,0.0,0.0,0.0,0.0,0.0,0.0,0.0,0.0,0.0,0.0,0.0,0.0,0.0,0.0,0.0,0.0,0.0,0,0.0
OnChainAnalytics,OnChainAnalytics,30d,train,12,0.0,0.0,0.0,0.0,0.0,0.0,inf,inf,,,,inf,0.0,0.0,0.0,0.0,0.0,0.0,0.0,0.0,0.0,0.0,0.0,0.0,0.0,0,
OnChainAnalytics,OnChainAnalytics,30d,test,11,0.0,0.0,0.0,0.0,0.0,0.0,inf,inf,,,,inf,0.0,0.0,0.0,0.0,0.0,0.0,0.0,0.0,0.0,0.0,0.0,0.0,0.0,0,
OnChainAnalytics,OnChainAnalytics,90d,train,4,0.0,0.0,0.0,0.0,0.0,0.0,inf,inf,,,,inf,0.0,0.0,0.0,0.0,0.0,0.0,0.0,0.0,0.0,0.0,0.0,0.0,0.0,0,
OnChainAnalytics,OnChainAnalytics,90d,test,3,0.0,0.0,0.0,0.0,0.0,0.0,inf,inf,,,,inf,0.0,0.0,0.0,0.0,0.0,0.0,0.0,0.0,0.0,0.0,0.0,0.0,0.0,0,
OnChainAnalytics,OnChainAnalytics,180d,train,2,0.0,0.0,0.0,0.0,0.0,0.0,inf,inf,,,,inf,0.0,0.0,0.0,0.0,0.0,0.0,0.0,0.0,0.0,0.0,0.0,0.0,0.0,0,
OnChainAnalytics,OnChainAnalytics,180d,test,1,0.0,0.0,0.0,0.0,0.0,0.0,inf,inf,,,,inf,0.0,0.0,0.0,0.0,0.0,0.0,0.0,0.0,0.0,0.0,0.0,0.0,0.0,0,
MultiTimeframeConfluence,MultiTimeframeConfluence,30d,train,12,0.0,0.0,0.0,0.0,0.0,0.0,inf,inf,,,,inf,0.0,0.0,0.0,0.0,0.0,0.0,0.0,0.0,0.0,0.0,0.0,0.0,0.0,0,
MultiTimeframeConfluence,MultiTimeframeConfluence,30d,test,11,0.0,0.0,0.0,0.0,0.0,0.0,inf,inf,,,,inf,0.0,0.0,0.0,0.0,0.0,0.0,0.0,0.0,0.0,0.0,0.0,0.0,0.0,0,
MultiTimeframeConfluence,MultiTimeframeConfluence,90d,train,4,0.0,0.0,0.0,0.0,0.0,0.0,inf,inf,,,,inf,0.0,0.0,0.0,0.0,0.0,0.0,0.0,0.0,0.0,0.0,0.0,0.0,0.0,0,
MultiTimeframeConfluence,MultiTimeframeConfluence,90d,test,3,0.0,0.0,0.0,0.0,0.0,0.0,inf,inf,,,,inf,0.0,0.0,0.0,0.0,0.0,0.0,0.0,0.0,0.0,0.0,0.0,0.0,0.0,0,
MultiTimeframeConfluence,MultiTimeframeConfluence,180d,train,2,0.0,0.0,0.0,0.0,0.0,0.0,inf,inf,,,,inf,0.0,0.0,0.0,0.0,0.0,0.0,0.0,0.0,0.0,0.0,0.0,0.0,0.0,0,
MultiTimeframeConfluence,MultiTimeframeConfluence,180d,test,1,0.0,0.0,0.0,0.0,0.0,0.0,inf,inf,,,,inf,0.0,0.0,0.0,0.0,0.0,0.0,0.0,0.0,0.0,0.0,0.0,0.0,0.0,0,
VolatilityRegimeAdaptive,VolatilityRegimeAdaptive,30d,train,12,0.02158987347332686,0.0,0.05480779417684519,0.0,0.009145227728933787,0.0194588031416054,inf,inf,,5.3030731262300215,,inf,0.027359461083361198,0.0,0.04216015382834533,0.0,0.049004214716902306,0.027181783136167516,0.14523809523809522,0.0,0.2229848026709942,0.0,0.2857142857142857,0.14305203766786606,2.1666666666666665,26,
VolatilityRegimeAdaptive,VolatilityRegimeAdaptive,30d,test,11,0.0235525892436293,0.0,0.05683967421107926,0.0,0.018290455457867574,0.021562788471116874,inf,inf,,4.854074814237546,,inf,0.02984668481821222,0.0,0.043183702353177034,0.0,0.0586058288470821,0.030384145571769692,0.1584415584415584,0.0,0.22836472353593004,0.0,0.2857142857142857,0.1598642766025028,2.3636363636363638,26,
VolatilityRegimeAdaptive,VolatilityRegimeAdaptive,90d,train,4,0.05196221327509688,0.005885066468603963,0.08334433708477652,0.0,0.05784727974370084,0.04792713014439756,inf,inf,,1.7056127006221296,,inf,0.0653892823475985,0.05582765042658189,0.06677280775824815,0.0,0.12121693277418039,0.05761602328346303,0.17445652173913043,0.17391304347826086,0.17445821480960924,0.0,0.34836956521739126,0.15226738423107522,10.75,43,
VolatilityRegimeAdaptive,VolatilityRegimeAdaptive,90d,test,3,0.0692829510334625,0.011770132937207927,0.08978681903723312,0.005885066468603963,0.10392442655019377,0.06800980455261346,inf,2.1714259382661467,,1.2397994629781126,,inf,0.087185709796798,0.11165530085316377,0.06359617501365222,0.05582765042658189,0.130778564695197,0.08057788654243421,0.2326086956521739,0.34782608695652173,0.16448158041603403,0.17391304347826086,0.34891304347826085,0.21228589733248854,14.333333333333334,43,
VolatilityRegimeAdaptive,VolatilityRegimeAdaptive,180d,train,2,0.0,0.0,0.0,0.0,0.0,0.0,inf,inf,,,,inf,0.0,0.0,0.0,0.0,0.0,0.0,0.0,0.0,0.0,0.0,0.0,0.0,0.0,0,
VolatilityRegimeAdaptive,VolatilityRegimeAdaptive,180d,test,1,0.0,0.0,0.0,0.0,0.0,0.0,inf,inf,,,,inf,0.0,0.0,0.0,0.0,0.0,0.0,0.0,0.0,0.0,0.0,0.0,0.0,0.0,0,
DynamicEnsemble,DynamicEnsemble,30d,train,12,0.0,0.0,0.0,0.0,0.0,0.0,inf,inf,,,,inf,0.0,0.0,0.0,0.0,0.0,0.0,0.0,0.0,0.0,0.0,0.0,0.0,0.0,0,
DynamicEnsemble,DynamicEnsemble,30d,test,11,0.0,0.0,0.0,0.0,0.0,0.0,inf,inf,,,,inf,0.0,0.0,0.0,0.0,0.0,0.0,0.0,0.0,0.0,0.0,0.0,0.0,0.0,0,
DynamicEnsemble,DynamicEnsemble,90d,train,4,0.0,0.0,0.0,0.0,0.0,0.0,inf,inf,,,,inf,0.0,0.0,0.0,0.0,0.0,0.0,0.0,0.0,0.0,0.0,0.0,0.0,0.0,0,
DynamicEnsemble,DynamicEnsemble,90d,test,3,0.0,0.0,0.0,0.0,0.0,0.0,inf,inf,,,,inf,0.0,0.0,0.0,0.0,0.0,0.0,0.0,0.0,0.0,0.0,0.0,0.0,0.0,0,
DynamicEnsemble,DynamicEnsemble,180d,train,2,0.0,0.0,0.0,0.0,0.0,0.0,inf,inf,,,,inf,0.0,0.0,0.0,0.0,0.0,0.0,0.0,0.0,0.0,0.0,0.0,0.0,0.0,0,
DynamicEnsemble,DynamicEnsemble,180d,test,1,0.0,0.0,0.0,0.0,0.0,0.0,inf,inf,,,,inf,0.0,0.0,0.0,0.0,0.0,0.0,0.0,0.0,0.0,0.0,0.0,0.0,0.0,0,
TransformerGRUPredictor,TransformerGRUPredictor,30d,train,12,-0.000711669639705527,-0.0007116696397054511,0.000711669639705527,-0.0014233392794110841,0.0,-0.0007305247744042731,inf,inf,,-3.488074922742725,,inf,0.0007116696397055181,0.0007116696397054256,0.0007116696397055182,0.0,0.0014233392794110733,0.0007305247744042639,0.0,0.0,0.0,0.0,0.0,0.0,0.5,6,
TransformerGRUPredictor,TransformerGRUPredictor,30d,test,11,-0.0006469723997322946,0.0,0.0007087227548332539,-0.0014233392794110841,0.0,-0.0006505014227221274,inf,inf,,-3.488074922742725,,inf,0.0006469723997322859,0.0,0.0007087227548332446,0.0,0.0014233392794110733,0.0006505014227221183,0.0,0.0,0.0,0.0,0.0,0.0,0.45454545454545453,5,
TransformerGRUPredictor,TransformerGRUPredictor,90d,train,4,-0.0007116696397054965,-0.0007116696397054511,0.0007116696397054966,-0.0014233392794109477,0.0,-0.0008020635359466653,inf,inf,,-2.0138409955990952,,inf,0.0007116696397054811,0.0007116696397054256,0.0007116696397054812,0.0,0.0014233392794109068,0.0008020635359466486,0.0,0.0,0.0,0.0,0.0,0.0,0.5,2,
TransformerGRUPredictor,TransformerGRUPredictor,90d,test,3,-0.00047444642647030076,0.0,0.0006709685709337487,-0.0007116696397054511,0.0,-0.0005571210933717345,inf,inf,,,,inf,0.00047444642647028373,0.0,0.0006709685709337248,0.0,0.0007116696397054256,0.0005571210933717146,0.0,0.0,0.0,0.0,0.0,0.0,0.3333333333333333,1,
TransformerGRUPredictor,TransformerGRUPredictor,180d,train,2,-0.0007116696397055421,-0.0007116696397055421,0.0007116696397055421,-0.0010675044595583132,-0.00035583481985277104,-0.0008020635359467133,inf,inf,,inf,,inf,0.0007116696397055366,0.0007116696397055366,0.0007116696397055366,0.0003558348198527683,0.001067504459558305,0.0008020635359467073,0.0,0.0,0.0,0.0,0.0,0.0,0.5,1,
TransformerGRUPredictor,TransformerGRUPredictor,180d,test,1,0.0,0.0,0.0,0.0,0.0,0.0,inf,inf,,,,inf,0.0,0.0,0.0,0.0,0.0,0.0,0.0,0.0,0.0,0.0,0.0,0.0,0.0,0,
DDQNFeatureSelected,DDQNFeatureSelected,30d,train,12,-0.0003558348198527559,0.0,0.0006163239870870919,-0.00035583481985272555,0.0,-0.00035502466612756533,inf,inf,,,,inf,0.00035583481985274984,0.0,0.0006163239870870813,0.0,0.0003558348198527128,0.00035502466612755904,0.0,0.0,0.0,0.0,0.0,0.0,0.25,3,
DDQNFeatureSelected,DDQNFeatureSelected,30d,test,11,-0.00038818343983937006,0.0,0.0006339009028032186,-0.0007116696397054511,0.0,-0.0003967642158282296,inf,inf,,,,inf,0.00038818343983936345,0.0,0.0006339009028032078,0.0,0.0007116696397054256,0.00039676421582822256,0.0,0.0,0.0,0.0,0.0,0.0,0.2727272727272727,3,
DDQNFeatureSelected,DDQNFeatureSelected,90d,train,4,0.0,0.0,0.0,0.0,0.0,0.0,inf,inf,,,,inf,0.0,0.0,0.0,0.0,0.0,0.0,0.0,0.0,0.0,0.0,0.0,0.0,0.0,0,
DDQNFeatureSelected,DDQNFeatureSelected,90d,test,3,0.0,0.0,0.0,0.0,0.0,0.0,inf,inf,,,,inf,0.0,0.0,0.0,0.0,0.0,0.0,0.0,0.0,0.0,0.0,0.0,0.0,0.0,0,
DDQNFeatureSelected,DDQNFeatureSelected,180d,train,2,0.0,0.0,0.0,0.0,0.0,0.0,inf,inf,,,,inf,0.0,0.0,0.0,0.0,0.0,0.0,0.0,0.0,0.0,0.0,0.0,0.0,0.0,0,
DDQNFeatureSelected,DDQNFeatureSelected,180d,test,1,0.0,0.0,0.0,0.0,0.0,0.0,inf,inf,,,,inf,0.0,0.0,0.0,0.0,0.0,0.0,0.0,0.0,0.0,0.0,0.0,0.0,0.0,0,
MultiModalSentimentFusion,MultiModalSentimentFusion,30d,train,12,-0.0004744464264703462,0.0,0.000670968570933813,-0.0014233392794109477,0.0,-0.0004971402056385611,inf,inf,,-3.488074922742725,,inf,0.00047444642647033924,0.0,0.0006709685709338032,0.0,0.0014233392794109068,0.0004971402056385537,0.0,0.0,0.0,0.0,0.0,0.0,0.3333333333333333,4,
MultiModalSentimentFusion,MultiModalSentimentFusion,30d,test,11,-0.0005175779197858322,0.0,0.0006846912299257245,-0.001423339279410993,0.0,-0.0005582310838897336,inf,inf,,-3.488074922742725,,inf,0.0005175779197858246,0.0,0.0006846912299257146,0.0,0.0014233392794109623,0.0005582310838897252,0.0,0.0,0.0,0.0,0.0,0.0,0.36363636363636365,4,
MultiModalSentimentFusion,MultiModalSentimentFusion,90d,train,4,0.0,0.0,0.0,0.0,0.0,0.0,inf,inf,,,,inf,0.0,0.0,0.0,0.0,0.0,0.0,0.0,0.0,0.0,0.0,0.0,0.0,0.0,0,
MultiModalSentimentFusion,MultiModalSentimentFusion,90d,test,3,0.0,0.0,0.0,0.0,0.0,0.0,inf,inf,,,,inf,0.0,0.0,0.0,0.0,0.0,0.0,0.0,0.0,0.0,0.0,0.0,0.0,0.0,0,
MultiModalSentimentFusion,MultiModalSentimentFusion,180d,train,2,0.0,0.0,0.0,0.0,0.0,0.0,inf,inf,,,,inf,0.0,0.0,0.0,0.0,0.0,0.0,0.0,0.0,0.0,0.0,0.0,0.0,0.0,0,
MultiModalSentimentFusion,MultiModalSentimentFusion,180d,test,1,0.0,0.0,0.0,0.0,0.0,0.0,inf,inf,,,,inf,0.0,0.0,0.0,0.0,0.0,0.0,0.0,0.0,0.0,0.0,0.0,0.0,0.0,0,
OrderFlowImbalance,OrderFlowImbalance,30d,train,12,0.0,0.0,0.0,0.0,0.0,0.0,inf,inf,,,,inf,0.0,0.0,0.0,0.0,0.0,0.0,0.0,0.0,0.0,0.0,0.0,0.0,0.0,0,
OrderFlowImbalance,OrderFlowImbalance,30d,test,11,0.0,0.0,0.0,0.0,0.0,0.0,inf,inf,,,,inf,0.0,0.0,0.0,0.0,0.0,0.0,0.0,0.0,0.0,0.0,0.0,0.0,0.0,0,
OrderFlowImbalance,OrderFlowImbalance,90d,train,4,0.0,0.0,0.0,0.0,0.0,0.0,inf,inf,,,,inf,0.0,0.0,0.0,0.0,0.0,0.0,0.0,0.0,0.0,0.0,0.0,0.0,0.0,0,
OrderFlowImbalance,OrderFlowImbalance,90d,test,3,0.0,0.0,0.0,0.0,0.0,0.0,inf,inf,,,,inf,0.0,0.0,0.0,0.0,0.0,0.0,0.0,0.0,0.0,0.0,0.0,0.0,0.0,0,
OrderFlowImbalance,OrderFlowImbalance,180d,train,2,0.0,0.0,0.0,0.0,0.0,0.0,inf,inf,,,,inf,0.0,0.0,0.0,0.0,0.0,0.0,0.0,0.0,0.0,0.0,0.0,0.0,0.0,0,
OrderFlowImbalance,OrderFlowImbalance,180d,test,1,0.0,0.0,0.0,0.0,0.0,0.0,inf,inf,,,,inf,0.0,0.0,0.0,0.0,0.0,0.0,0.0,0.0,0.0,0.0,0.0,0.0,0.0,0,
