strategy_name,strategy_type,symbol,horizon,horizon_days,total_return,sharpe_ratio,max_drawdown,win_rate,total_trades,profit_factor,final_capital,symbols,num_assets,buyhold_return,outperformance,beat_buyhold
BlackLitterman,multi_pair,Portfolio[2 assets],30d,30,-0.07709060250468593,-1.3698035673197142,0.1639068226857317,0.5102611940298507,0,0.0,9229.09397495314,"BTC/USDT, ETH/USDT",2.0,-0.03172261238795142,-0.04536799011673451,False
BlackLitterman,multi_pair,Portfolio[3 assets],30d,30,0.041712198875595276,0.9905564198634909,0.16768960304029512,0.5251865671641791,0,0.0,10417.121988755953,"BTC/USDT, ETH/USDT, BNB/USDT",3.0,-0.03172261238795142,0.0734348112635467,True
BlackLitterman,multi_pair,Portfolio[4 assets],30d,30,-0.019235310777613812,-0.09811066060835152,0.17822978227557934,0.5348399246704332,0,0.0,9807.646892223862,"BTC/USDT, ETH/USDT, SOL/USDT, BNB/USDT",4.0,-0.03172261238795142,0.012487301610337606,True
BlackLitterman,multi_pair,Portfolio[4 assets],30d,30,-0.15852126782536616,-2.557758375113033,0.22548191508269536,0.5184834123222749,0,0.0,8414.787321746338,"BTC/USDT, ETH/USDT, ADA/USDT, XRP/USDT",4.0,-0.03172261238795142,-0.12679865543741475,False
BlackLitterman,multi_pair,Portfolio[2 assets],90d,90,0.24042182726981992,1.52195775630356,0.17353819636868698,0.5151608910891089,0,0.0,12404.2182726982,"BTC/USDT, ETH/USDT",2.0,-0.06572224413093859,0.3061440714007585,True
BlackLitterman,multi_pair,Portfolio[3 assets],90d,90,0.372753688002166,2.2140074734730977,0.16821367184866026,0.5244430693069307,0,0.0,13727.53688002166,"BTC/USDT, ETH/USDT, BNB/USDT",3.0,-0.06572224413093859,0.4384759321331046,True
BlackLitterman,multi_pair,Portfolio[4 assets],90d,90,0.32240834170028176,1.8143044207681547,0.1786639511389963,0.5260707635009311,0,0.0,13224.083417002817,"BTC/USDT, ETH/USDT, SOL/USDT, BNB/USDT",4.0,-0.06572224413093859,0.38813058583122034,True
BlackLitterman,multi_pair,Portfolio[4 assets],90d,90,0.14473460165969718,0.9445049275131703,0.2505402606272285,0.5181959564541213,0,0.0,11447.346016596972,"BTC/USDT, ETH/USDT, ADA/USDT, XRP/USDT",4.0,-0.06572224413093859,0.21045684579063578,True
BlackLitterman,multi_pair,Portfolio[2 assets],180d,180,0.1974705242539163,0.7161278504855678,0.45882146384012595,0.5143695920889988,0,0.0,11974.705242539163,"BTC/USDT, ETH/USDT",2.0,0.30865427637442866,-0.11118375212051235,False
BlackLitterman,multi_pair,Portfolio[3 assets],180d,180,0.33720799442171484,1.0226000256210126,0.4031589185730266,0.5193139678615575,0,0.0,13372.079944217148,"BTC/USDT, ETH/USDT, BNB/USDT",3.0,0.30865427637442866,0.02855371804728618,True
BlackLitterman,multi_pair,Portfolio[4 assets],180d,180,0.23788592473225598,0.7883617727757294,0.46613671044617633,0.5196533580934695,0,0.0,12378.85924732256,"BTC/USDT, ETH/USDT, SOL/USDT, BNB/USDT",4.0,0.30865427637442866,-0.07076835164217268,False
BlackLitterman,multi_pair,Portfolio[4 assets],180d,180,-0.05319853910589263,0.25524299961393143,0.48074378057974543,0.5112316034082107,0,0.0,9468.014608941074,"BTC/USDT, ETH/USDT, ADA/USDT, XRP/USDT",4.0,0.30865427637442866,-0.3618528154803213,False
BlackLitterman,multi_pair,Portfolio[2 assets],365d,365,0.4538191614555146,0.7283435630053022,0.5030667092663134,0.5126524390243903,0,0.0,14538.191614555146,"BTC/USDT, ETH/USDT",2.0,0.7637817175530736,-0.30996255609755896,False
BlackLitterman,multi_pair,Portfolio[3 assets],365d,365,0.6145599150010348,0.8724740995008503,0.4359940824134562,0.5189024390243903,0,0.0,16145.599150010348,"BTC/USDT, ETH/USDT, BNB/USDT",3.0,0.7637817175530736,-0.14922180255203876,False
BlackLitterman,multi_pair,Portfolio[4 assets],365d,365,0.5469967071321856,0.7908202748788382,0.47008319742544774,0.5169336384439359,0,0.0,15469.967071321857,"BTC/USDT, ETH/USDT, SOL/USDT, BNB/USDT",4.0,0.7637817175530736,-0.21678501042088794,False
BlackLitterman,multi_pair,Portfolio[4 assets],365d,365,1.0443483564304246,1.0374427616577533,0.48079276344903477,0.5136228344653896,0,0.0,20443.483564304246,"BTC/USDT, ETH/USDT, ADA/USDT, XRP/USDT",4.0,0.7637817175530736,0.280566638877351,True
BollingerBreakout,single_pair,BTC/USDT,30d,30,0.005182395261700549,0.4203129819554057,0.05220881422317336,0.2857142857142857,7,1.0704299003887592,10051.823952617005,,,-0.03172261238795142,0.03690500764965197,True
BollingerBreakout,single_pair,BTC/USDT,90d,90,-0.13807884379360638,-2.8164618538564876,0.19084816534720672,0.2608695652173913,23,0.43702313386483244,8619.211562063936,,,-0.06572224413093859,-0.07235659966266779,False
BollingerBreakout,single_pair,BTC/USDT,180d,180,-0.0598272509921042,-0.4274918714574149,0.22830090280614523,0.30434782608695654,46,0.8740599455182331,9401.727490078958,,,0.30865427637442866,-0.36848152736653284,False
BollingerBreakout,single_pair,BTC/USDT,365d,365,-0.03353529648548356,0.026721420377727838,0.3221990169552096,0.3404255319148936,94,0.9676727596996434,9664.647035145164,,,0.7637817175530736,-0.7973170140385571,False
CopulaPairsTrading,multi_pair,Portfolio[2 assets],30d,30,-0.17712198972180576,-10.98319417206445,0.18260662311093823,0.20335820895522388,0,0.0,8228.780102781942,"BTC/USDT, ETH/USDT",2.0,-0.03172261238795142,-0.14539937733385433,False
CopulaPairsTrading,multi_pair,Portfolio[3 assets],30d,30,-0.17712198972180576,-10.98319417206445,0.18260662311093823,0.20335820895522388,0,0.0,8228.780102781942,"BTC/USDT, ETH/USDT, BNB/USDT",3.0,-0.03172261238795142,-0.14539937733385433,False
CopulaPairsTrading,multi_pair,Portfolio[4 assets],30d,30,-0.18084260329193294,-11.33467410917995,0.1826066231109388,0.2024482109227872,0,0.0,8191.573967080671,"BTC/USDT, ETH/USDT, SOL/USDT, BNB/USDT",4.0,-0.03172261238795142,-0.14911999090398154,False
CopulaPairsTrading,multi_pair,Portfolio[4 assets],30d,30,-0.1775183579054612,-11.180104241925076,0.17789785602128158,0.2,0,0.0,8224.816420945388,"BTC/USDT, ETH/USDT, ADA/USDT, XRP/USDT",4.0,-0.03172261238795142,-0.1457957455175098,False
CopulaPairsTrading,multi_pair,Portfolio[2 assets],90d,90,-0.21849956181527413,-4.156145265697065,0.24690797076911694,0.21936881188118812,0,0.0,7815.004381847259,"BTC/USDT, ETH/USDT",2.0,-0.06572224413093859,-0.15277731768433556,False
CopulaPairsTrading,multi_pair,Portfolio[3 assets],90d,90,-0.21849956181527413,-4.156145265697065,0.24690797076911694,0.21936881188118812,0,0.0,7815.004381847259,"BTC/USDT, ETH/USDT, BNB/USDT",3.0,-0.06572224413093859,-0.15277731768433556,False
CopulaPairsTrading,multi_pair,Portfolio[4 assets],90d,90,-0.21849956181527413,-4.16260064706879,0.24690797076911694,0.22004965859714462,0,0.0,7815.004381847259,"BTC/USDT, ETH/USDT, SOL/USDT, BNB/USDT",4.0,-0.06572224413093859,-0.15277731768433556,False
CopulaPairsTrading,multi_pair,Portfolio[4 assets],90d,90,-0.21849956181527413,-4.167137353295297,0.24690797076911694,0.22052877138413685,0,0.0,7815.004381847259,"BTC/USDT, ETH/USDT, ADA/USDT, XRP/USDT",4.0,-0.06572224413093859,-0.15277731768433556,False
CopulaPairsTrading,multi_pair,Portfolio[2 assets],180d,180,-0.4628970714693953,-4.429888989230514,0.4809486381084086,0.21399876390605685,0,0.0,5371.029285306047,"BTC/USDT, ETH/USDT",2.0,0.30865427637442866,-0.771551347843824,False
CopulaPairsTrading,multi_pair,Portfolio[3 assets],180d,180,-0.4628970714693953,-4.429888989230514,0.4809486381084086,0.21399876390605685,0,0.0,5371.029285306047,"BTC/USDT, ETH/USDT, BNB/USDT",3.0,0.30865427637442866,-0.771551347843824,False
CopulaPairsTrading,multi_pair,Portfolio[4 assets],180d,180,-0.4625506929784436,-4.497866794040017,0.4725766254704313,0.21231816774992263,0,0.0,5374.493070215564,"BTC/USDT, ETH/USDT, SOL/USDT, BNB/USDT",4.0,0.30865427637442866,-0.7712049693528722,False
CopulaPairsTrading,multi_pair,Portfolio[4 assets],180d,180,-0.4625506929784436,-4.500310204162725,0.4725766254704313,0.21254841208365607,0,0.0,5374.493070215564,"BTC/USDT, ETH/USDT, ADA/USDT, XRP/USDT",4.0,0.30865427637442866,-0.7712049693528722,False
CopulaPairsTrading,multi_pair,Portfolio[2 assets],365d,365,-0.8118738770981254,-6.548198779364626,0.8153833053987146,0.21234756097560975,0,0.0,1881.2612290187456,"BTC/USDT, ETH/USDT",2.0,0.7637817175530736,-1.575655594651199,False
CopulaPairsTrading,multi_pair,Portfolio[3 assets],365d,365,-0.8118738770981254,-6.548198779364626,0.8153833053987146,0.21234756097560975,0,0.0,1881.2612290187456,"BTC/USDT, ETH/USDT, BNB/USDT",3.0,0.7637817175530736,-1.575655594651199,False
CopulaPairsTrading,multi_pair,Portfolio[4 assets],365d,365,-0.8118738770981254,-6.550707749023373,0.8153833053987146,0.21250953470633105,0,0.0,1881.2612290187456,"BTC/USDT, ETH/USDT, SOL/USDT, BNB/USDT",4.0,0.7637817175530736,-1.575655594651199,False
CopulaPairsTrading,multi_pair,Portfolio[4 assets],365d,365,-0.8118738770981254,-6.552465744732223,0.8153833053987146,0.2126230634205907,0,0.0,1881.2612290187456,"BTC/USDT, ETH/USDT, ADA/USDT, XRP/USDT",4.0,0.7637817175530736,-1.575655594651199,False
DDQNFeatureSelected,single_pair,BTC/USDT,30d,30,0.0,inf,0.0,0.0,0,0.0,10000.0,,,-0.03172261238795142,0.03172261238795142,True
DDQNFeatureSelected,single_pair,BTC/USDT,90d,90,0.0,inf,0.0,0.0,0,0.0,10000.0,,,-0.06572224413093859,0.06572224413093859,True
DDQNFeatureSelected,single_pair,BTC/USDT,180d,180,0.0,inf,0.0,0.0,0,0.0,10000.0,,,0.30865427637442866,-0.30865427637442866,False
DDQNFeatureSelected,single_pair,BTC/USDT,365d,365,0.0,inf,0.0,0.0,0,0.0,10000.0,,,0.7637817175530736,-0.7637817175530736,False
DeepRLPortfolio,multi_pair,Portfolio[2 assets],30d,30,0.00010090176517132932,0.1645456333430565,0.12446177831866936,0.5018656716417911,0,0.0,10001.009017651713,"BTC/USDT, ETH/USDT",2.0,-0.03172261238795142,0.03182351415312275,True
DeepRLPortfolio,multi_pair,Portfolio[3 assets],30d,30,-0.019842330054088596,-0.333992663753367,0.1464338386823006,0.5205223880597015,0,0.0,9801.576699459114,"BTC/USDT, ETH/USDT, BNB/USDT",3.0,-0.03172261238795142,0.011880282333862822,True
DeepRLPortfolio,multi_pair,Portfolio[4 assets],30d,30,-0.03871305915494413,-0.7301642729758859,0.15349035920593007,0.5254237288135594,0,0.0,9612.869408450559,"BTC/USDT, ETH/USDT, SOL/USDT, BNB/USDT",4.0,-0.03172261238795142,-0.00699044676699271,False
DeepRLPortfolio,multi_pair,Portfolio[4 assets],30d,30,-0.09790095894522564,-2.1715904849597742,0.1445277211177822,0.4976303317535545,0,0.0,9020.990410547744,"BTC/USDT, ETH/USDT, ADA/USDT, XRP/USDT",4.0,-0.03172261238795142,-0.06617834655727423,False
DeepRLPortfolio,multi_pair,Portfolio[2 assets],90d,90,0.040596465218527555,0.49472425572787593,0.13251129241342655,0.505259900990099,0,0.0,10405.964652185276,"BTC/USDT, ETH/USDT",2.0,-0.06572224413093859,0.10631870934946615,True
DeepRLPortfolio,multi_pair,Portfolio[3 assets],90d,90,0.06468352144615347,0.6950288612716969,0.14445089713399276,0.5213490099009901,0,0.0,10646.835214461535,"BTC/USDT, ETH/USDT, BNB/USDT",3.0,-0.06572224413093859,0.13040576557709205,True
DeepRLPortfolio,multi_pair,Portfolio[4 assets],90d,90,0.10133018915875637,0.9477701651113939,0.15395604684941602,0.5238981998758535,0,0.0,11013.301891587564,"BTC/USDT, ETH/USDT, SOL/USDT, BNB/USDT",4.0,-0.06572224413093859,0.16705243328969496,True
DeepRLPortfolio,multi_pair,Portfolio[4 assets],90d,90,0.1351974399562563,1.1128072105945455,0.1499741974972473,0.5160186625194402,0,0.0,11351.974399562563,"BTC/USDT, ETH/USDT, ADA/USDT, XRP/USDT",4.0,-0.06572224413093859,0.2009196840871949,True
DeepRLPortfolio,multi_pair,Portfolio[2 assets],180d,180,0.13858925153823257,0.6177080870151211,0.3107491493359072,0.504017305315204,0,0.0,11385.892515382326,"BTC/USDT, ETH/USDT",2.0,0.30865427637442866,-0.1700650248361961,False
DeepRLPortfolio,multi_pair,Portfolio[3 assets],180d,180,0.031264427801481726,0.3054762041926834,0.324777459304101,0.5129789864029666,0,0.0,10312.644278014817,"BTC/USDT, ETH/USDT, BNB/USDT",3.0,0.30865427637442866,-0.2773898485729469,False
DeepRLPortfolio,multi_pair,Portfolio[4 assets],180d,180,0.09696589532821963,0.5070140517747821,0.34284134199002675,0.5168678427731352,0,0.0,10969.658953282196,"BTC/USDT, ETH/USDT, SOL/USDT, BNB/USDT",4.0,0.30865427637442866,-0.21168838104620902,False
DeepRLPortfolio,multi_pair,Portfolio[4 assets],180d,180,0.014805192046244156,0.29205553126029443,0.4132359141526184,0.5115414407436096,0,0.0,10148.051920462442,"BTC/USDT, ETH/USDT, ADA/USDT, XRP/USDT",4.0,0.30865427637442866,-0.2938490843281845,False
DeepRLPortfolio,multi_pair,Portfolio[2 assets],365d,365,0.39888862341243003,0.7058449133557505,0.35213715714306076,0.505564024390244,0,0.0,13988.8862341243,"BTC/USDT, ETH/USDT",2.0,0.7637817175530736,-0.3648930941406435,False
DeepRLPortfolio,multi_pair,Portfolio[3 assets],365d,365,0.2601878823990448,0.567025465751021,0.37698220396612553,0.5149390243902439,0,0.0,12601.878823990448,"BTC/USDT, ETH/USDT, BNB/USDT",3.0,0.7637817175530736,-0.5035938351540288,False
DeepRLPortfolio,multi_pair,Portfolio[4 assets],365d,365,0.2287866724157482,0.5253755761258316,0.44267988212798287,0.5128596504617263,0,0.0,12287.866724157482,"BTC/USDT, ETH/USDT, ADA/USDT, XRP/USDT",4.0,0.7637817175530736,-0.5349950451373253,False
DeepRLPortfolio,multi_pair,Portfolio[4 assets],365d,365,0.19704742356458665,0.49089100025780963,0.38575079883444685,0.5145690312738368,0,0.0,11970.474235645866,"BTC/USDT, ETH/USDT, SOL/USDT, BNB/USDT",4.0,0.7637817175530736,-0.566734293988487,False
HierarchicalRiskParity,multi_pair,Portfolio[2 assets],30d,30,-0.04573568807242536,-0.8739943693563101,0.14810009469978097,0.5149253731343284,0,0.0,9542.643119275746,"BTC/USDT, ETH/USDT",2.0,-0.03172261238795142,-0.014013075684473943,False
HierarchicalRiskParity,multi_pair,Portfolio[3 assets],30d,30,0.029485899474849246,0.8313536968719916,0.1537683490573091,0.5270522388059702,0,0.0,10294.858994748492,"BTC/USDT, ETH/USDT, BNB/USDT",3.0,-0.03172261238795142,0.061208511862800664,True
HierarchicalRiskParity,multi_pair,Portfolio[4 assets],30d,30,-0.10103603106945956,-1.9768750840793636,0.17041330210923744,0.4976303317535545,0,0.0,8989.639689305404,"BTC/USDT, ETH/USDT, ADA/USDT, XRP/USDT",4.0,-0.03172261238795142,-0.06931341868150814,False
HierarchicalRiskParity,multi_pair,Portfolio[4 assets],30d,30,-0.006576343650428316,0.05057620298391155,0.15438675517824574,0.5329566854990584,0,0.0,9934.236563495717,"BTC/USDT, ETH/USDT, SOL/USDT, BNB/USDT",4.0,-0.03172261238795142,0.0251462687375231,True
HierarchicalRiskParity,multi_pair,Portfolio[2 assets],90d,90,0.12801373095137733,1.074642999950064,0.14752038668722117,0.5154702970297029,0,0.0,11280.137309513773,"BTC/USDT, ETH/USDT",2.0,-0.06572224413093859,0.19373597508231594,True
HierarchicalRiskParity,multi_pair,Portfolio[3 assets],90d,90,0.16602150470053292,1.3641607644307334,0.14976447707589086,0.5204207920792079,0,0.0,11660.21504700533,"BTC/USDT, ETH/USDT, BNB/USDT",3.0,-0.06572224413093859,0.23174374883147153,True
HierarchicalRiskParity,multi_pair,Portfolio[4 assets],90d,90,0.2022372451150888,1.5384091522506933,0.15448476649241447,0.5273122284295468,0,0.0,12022.372451150888,"BTC/USDT, ETH/USDT, SOL/USDT, BNB/USDT",4.0,-0.06572224413093859,0.2679594892460274,True
HierarchicalRiskParity,multi_pair,Portfolio[4 assets],90d,90,0.13146101212370778,1.0162761390120445,0.17634917993710103,0.5191290824261275,0,0.0,11314.610121237078,"BTC/USDT, ETH/USDT, ADA/USDT, XRP/USDT",4.0,-0.06572224413093859,0.1971832562546464,True
HierarchicalRiskParity,multi_pair,Portfolio[2 assets],180d,180,0.11724453411012237,0.5518792072313911,0.4040078172891127,0.5111248454882571,0,0.0,11172.445341101224,"BTC/USDT, ETH/USDT",2.0,0.30865427637442866,-0.1914097422643063,False
HierarchicalRiskParity,multi_pair,Portfolio[3 assets],180d,180,0.0951325445589333,0.5006705581959221,0.3553231243251634,0.5160692212608158,0,0.0,10951.325445589333,"BTC/USDT, ETH/USDT, BNB/USDT",3.0,0.30865427637442866,-0.21352173181549536,False
HierarchicalRiskParity,multi_pair,Portfolio[4 assets],180d,180,0.16003607900969746,0.6643456900197796,0.3913878571313782,0.5218198700092851,0,0.0,11600.360790096975,"BTC/USDT, ETH/USDT, SOL/USDT, BNB/USDT",4.0,0.30865427637442866,-0.1486181973647312,False
HierarchicalRiskParity,multi_pair,Portfolio[4 assets],180d,180,-0.04303897687223289,0.1690525426981062,0.46233741727794025,0.5121611154144075,0,0.0,9569.610231277671,"BTC/USDT, ETH/USDT, ADA/USDT, XRP/USDT",4.0,0.30865427637442866,-0.35169325324666156,False
HierarchicalRiskParity,multi_pair,Portfolio[2 assets],365d,365,0.3442856721601269,0.6424139018743584,0.430883483325479,0.5111280487804878,0,0.0,13442.856721601269,"BTC/USDT, ETH/USDT",2.0,0.7637817175530736,-0.41949604539294666,False
HierarchicalRiskParity,multi_pair,Portfolio[3 assets],365d,365,0.24120950694828353,0.5409496364199302,0.39247997351272057,0.5171493902439024,0,0.0,12412.095069482835,"BTC/USDT, ETH/USDT, BNB/USDT",3.0,0.7637817175530736,-0.5225722106047901,False
HierarchicalRiskParity,multi_pair,Portfolio[4 assets],365d,365,0.32600057668300797,0.6251438243258374,0.4195422050350488,0.5196796338672769,0,0.0,13260.00576683008,"BTC/USDT, ETH/USDT, SOL/USDT, BNB/USDT",4.0,0.7637817175530736,-0.4377811408700656,False
HierarchicalRiskParity,multi_pair,Portfolio[4 assets],365d,365,0.5851235679511545,0.8281226929172626,0.40006851441697044,0.5153781576738151,0,0.0,15851.235679511545,"BTC/USDT, ETH/USDT, ADA/USDT, XRP/USDT",4.0,0.7637817175530736,-0.17865814960191906,False
Ichimoku_Cloud,single_pair,BTC/USDT,30d,30,-0.04300795614087037,-1.658741723550218,0.1182737086303236,0.0,1,0.0,9569.920438591296,,,-0.03172261238795142,-0.011285343752918953,False
Ichimoku_Cloud,single_pair,BTC/USDT,90d,90,-0.06781442694725393,-0.8138202215532785,0.12632488229727545,0.0,1,0.0,9321.85573052746,,,-0.06572224413093859,-0.0020921828163153328,False
Ichimoku_Cloud,single_pair,BTC/USDT,180d,180,0.2939198428322106,1.8109749193693847,0.12812374153152206,1.0,1,0.0,12939.198428322106,,,0.30865427637442866,-0.01473443354221804,False
Ichimoku_Cloud,single_pair,BTC/USDT,365d,365,0.6853139622189368,1.407549004551152,0.2999750298123669,1.0,1,0.0,16853.139622189366,,,0.7637817175530736,-0.07846775533413675,False
MACD_Momentum,single_pair,BTC/USDT,30d,30,-0.09733806262070376,-6.329389096168726,0.09733806262070288,0.2692307692307692,26,0.3955906114263855,9026.619373792963,,,-0.03172261238795142,-0.06561545023275234,False
MACD_Momentum,single_pair,BTC/USDT,90d,90,-0.30581190147699083,-6.846266349079704,0.30663268505071417,0.23529411764705882,85,0.2961260874490411,6941.880985230092,,,-0.06572224413093859,-0.24008965734605225,False
MACD_Momentum,single_pair,BTC/USDT,180d,180,-0.36513296240167703,-3.9515617984796276,0.412052968713187,0.2634730538922156,167,0.5686020104149492,6348.67037598323,,,0.30865427637442866,-0.6737872387761057,False
MACD_Momentum,single_pair,BTC/USDT,365d,365,-0.5540717441826828,-2.4636262456309646,0.6084060397624629,0.2927536231884058,345,0.6922408631181426,4459.282558173172,,,0.7637817175530736,-1.3178534617357562,False
MultiModalSentimentFusion,single_pair,BTC/USDT,30d,30,0.0,inf,0.0,0.0,0,0.0,10000.0,,,-0.03172261238795142,0.03172261238795142,True
MultiModalSentimentFusion,single_pair,BTC/USDT,90d,90,0.0,inf,0.0,0.0,0,0.0,10000.0,,,-0.06572224413093859,0.06572224413093859,True
MultiModalSentimentFusion,single_pair,BTC/USDT,180d,180,0.0,inf,0.0,0.0,0,0.0,10000.0,,,0.30865427637442866,-0.30865427637442866,False
MultiModalSentimentFusion,single_pair,BTC/USDT,365d,365,0.0,inf,0.0,0.0,0,0.0,10000.0,,,0.7637817175530736,-0.7637817175530736,False
MultiTimeframeConfluence,single_pair,BTC/USDT,30d,30,0.0,inf,0.0,0.0,0,0.0,10000.0,,,-0.03172261238795142,0.03172261238795142,True
MultiTimeframeConfluence,single_pair,BTC/USDT,90d,90,0.0,inf,0.0,0.0,0,0.0,10000.0,,,-0.06572224413093859,0.06572224413093859,True
MultiTimeframeConfluence,single_pair,BTC/USDT,180d,180,0.0,inf,0.0,0.0,0,0.0,10000.0,,,0.30865427637442866,-0.30865427637442866,False
MultiTimeframeConfluence,single_pair,BTC/USDT,365d,365,-0.12192298418737518,-0.24183270289349282,0.2716469819877345,0.5,2,0.30234720656498365,8780.770158126248,,,0.7637817175530736,-0.8857047017404487,False
OnChainAnalytics,single_pair,BTC/USDT,30d,30,0.0,inf,0.0,0.0,0,0.0,10000.0,,,-0.03172261238795142,0.03172261238795142,True
OnChainAnalytics,single_pair,BTC/USDT,90d,90,0.0,inf,0.0,0.0,0,0.0,10000.0,,,-0.06572224413093859,0.06572224413093859,True
OnChainAnalytics,single_pair,BTC/USDT,180d,180,0.0,inf,0.0,0.0,0,0.0,10000.0,,,0.30865427637442866,-0.30865427637442866,False
OnChainAnalytics,single_pair,BTC/USDT,365d,365,0.0,inf,0.0,0.0,0,0.0,10000.0,,,0.7637817175530736,-0.7637817175530736,False
OrderFlowImbalance,single_pair,BTC/USDT,30d,30,0.0,inf,0.0,0.0,0,0.0,10000.0,,,-0.03172261238795142,0.03172261238795142,True
OrderFlowImbalance,single_pair,BTC/USDT,90d,90,0.0,inf,0.0,0.0,0,0.0,10000.0,,,-0.06572224413093859,0.06572224413093859,True
OrderFlowImbalance,single_pair,BTC/USDT,180d,180,0.0,inf,0.0,0.0,0,0.0,10000.0,,,0.30865427637442866,-0.30865427637442866,False
OrderFlowImbalance,single_pair,BTC/USDT,365d,365,0.0,inf,0.0,0.0,0,0.0,10000.0,,,0.7637817175530736,-0.7637817175530736,False
PortfolioRebalancer,multi_pair,Portfolio[3 assets],30d,30,0.033344830638243,1.086791180822259,0.16870567385949137,0.5168539325842697,0,0.0,10333.44830638243,"BTC/USDT, ETH/USDT, BNB/USDT",3.0,-0.03172261238795142,0.06506744302619441,True
PortfolioRebalancer,multi_pair,Portfolio[2 assets],30d,30,-0.07750117882159356,-2.2030078350275035,0.16247969555433103,0.5042134831460674,0,0.0,9224.988211784064,"BTC/USDT, ETH/USDT",2.0,-0.03172261238795142,-0.04577856643364214,False
PortfolioRebalancer,multi_pair,Portfolio[4 assets],30d,30,-0.1613397925467818,-3.98116726095591,0.21659064397317346,0.5093525179856115,0,0.0,8386.602074532182,"BTC/USDT, ETH/USDT, ADA/USDT, XRP/USDT",4.0,-0.03172261238795142,-0.1296171801588304,False
PortfolioRebalancer,multi_pair,Portfolio[4 assets],30d,30,-0.03907118023943622,-0.73359387310965,0.1771282150853245,0.5256410256410257,0,0.0,9609.288197605638,"BTC/USDT, ETH/USDT, SOL/USDT, BNB/USDT",4.0,-0.03172261238795142,-0.0073485678514848,False
PortfolioRebalancer,multi_pair,Portfolio[3 assets],90d,90,0.2948008436880721,2.4917965610740214,0.16793004126106312,0.5315985130111525,1,0.0,12948.008436880718,"BTC/USDT, ETH/USDT, BNB/USDT",3.0,-0.06572224413093859,0.36052308781901066,True
PortfolioRebalancer,multi_pair,Portfolio[2 assets],90d,90,0.13031370349652807,1.3241890185950869,0.1629699518574619,0.5116171003717472,1,0.0,11303.13703496528,"BTC/USDT, ETH/USDT",2.0,-0.06572224413093859,0.19603594762746668,True
PortfolioRebalancer,multi_pair,Portfolio[4 assets],90d,90,0.21677469890392967,1.8176282352360542,0.18346028622545144,0.5317460317460317,0,0.0,12167.746989039297,"BTC/USDT, ETH/USDT, SOL/USDT, BNB/USDT",4.0,-0.06572224413093859,0.2824969430348683,True
PortfolioRebalancer,multi_pair,Portfolio[4 assets],90d,90,-0.030609065884377014,0.061810292410526234,0.2500025910608465,0.5147540983606558,0,0.0,9693.90934115623,"BTC/USDT, ETH/USDT, ADA/USDT, XRP/USDT",4.0,-0.06572224413093859,0.03511317824656158,True
PortfolioRebalancer,multi_pair,Portfolio[3 assets],180d,180,0.9153077719609842,3.1982377196418232,0.16724408608105315,0.525974025974026,2,0.0,19153.07771960984,"BTC/USDT, ETH/USDT, BNB/USDT",3.0,0.30865427637442866,0.6066534955865556,True
PortfolioRebalancer,multi_pair,Portfolio[2 assets],180d,180,0.8112820584797424,2.759589305562963,0.18068890016314978,0.5169294990723562,1,0.0,18112.820584797424,"BTC/USDT, ETH/USDT",2.0,0.30865427637442866,0.5026277821053138,True
PortfolioRebalancer,multi_pair,Portfolio[4 assets],180d,180,0.7675311674421228,2.615955209728562,0.18832042587150374,0.5276615527661552,1,0.0,17675.311674421228,"BTC/USDT, ETH/USDT, SOL/USDT, BNB/USDT",4.0,0.30865427637442866,0.45887689106769414,True
PortfolioRebalancer,multi_pair,Portfolio[4 assets],180d,180,0.4325883043225229,1.6049114843008627,0.24799258899975804,0.5185098952270082,1,0.0,14325.883043225229,"BTC/USDT, ETH/USDT, ADA/USDT, XRP/USDT",4.0,0.30865427637442866,0.12393402794809422,True
PortfolioRebalancer,multi_pair,Portfolio[2 assets],365d,365,0.7455820278354229,1.2931958303592899,0.4900818225125086,0.5151965265082267,2,0.0,17455.82027835423,"BTC/USDT, ETH/USDT",2.0,0.7637817175530736,-0.018199689717650624,False
PortfolioRebalancer,multi_pair,Portfolio[3 assets],365d,365,0.9127321932864688,1.5141911164389026,0.42678252615344814,0.5226234003656307,3,0.0,19127.32193286469,"BTC/USDT, ETH/USDT, BNB/USDT",3.0,0.7637817175530736,0.14895047573339526,True
PortfolioRebalancer,multi_pair,Portfolio[4 assets],365d,365,0.747011157206638,1.251452570369071,0.4626022844924434,0.5228780599405171,2,0.0,17470.11157206638,"BTC/USDT, ETH/USDT, SOL/USDT, BNB/USDT",4.0,0.7637817175530736,-0.016770560346435537,False
PortfolioRebalancer,multi_pair,Portfolio[4 assets],365d,365,1.453460324924032,1.5858319316505136,0.4832407518279959,0.5181453921007442,2,0.0,24534.60324924032,"BTC/USDT, ETH/USDT, ADA/USDT, XRP/USDT",4.0,0.7637817175530736,0.6896786073709585,True
RSI_MeanReversion,single_pair,BTC/USDT,30d,30,-0.128344350141201,-7.280534181151532,0.13402811025618433,0.0,2,0.0,8716.55649858799,,,-0.03172261238795142,-0.09662173775324957,False
RSI_MeanReversion,single_pair,BTC/USDT,90d,90,-0.14336687309083682,-2.4003380184183434,0.1687545833520394,0.16666666666666666,6,0.08228872586369836,8566.331269091632,,,-0.06572224413093859,-0.07764462895989822,False
RSI_MeanReversion,single_pair,BTC/USDT,180d,180,-0.023086441052573355,-0.10180372971470647,0.16875458335203652,0.5333333333333333,15,0.8864811273421676,9769.135589474266,,,0.30865427637442866,-0.331740717427002,False
RSI_MeanReversion,single_pair,BTC/USDT,365d,365,0.09367083469308728,0.4466101664237006,0.17981518625365822,0.5161290322580645,31,1.261001980213773,10936.708346930873,,,0.7637817175530736,-0.6701108828599863,False
RiskParity,multi_pair,Portfolio[2 assets],30d,30,-0.07424353774826632,-1.322035977602978,0.16148680269523594,0.5102611940298507,0,0.0,9257.564622517337,"BTC/USDT, ETH/USDT",2.0,-0.03172261238795142,-0.042520925360314904,False
RiskParity,multi_pair,Portfolio[3 assets],30d,30,0.035776872478942456,0.8850056092350215,0.16642212749442514,0.5261194029850746,0,0.0,10357.768724789425,"BTC/USDT, ETH/USDT, BNB/USDT",3.0,-0.03172261238795142,0.06749948486689387,True
RiskParity,multi_pair,Portfolio[4 assets],30d,30,-0.018239572861754642,-0.08343437620738749,0.1773973479617622,0.5338983050847458,0,0.0,9817.604271382454,"BTC/USDT, ETH/USDT, SOL/USDT, BNB/USDT",4.0,-0.03172261238795142,0.013483039526196776,True
RiskParity,multi_pair,Portfolio[4 assets],30d,30,-0.15428569350847993,-2.545926735907932,0.21755959152311366,0.5146919431279621,0,0.0,8457.1430649152,"BTC/USDT, ETH/USDT, ADA/USDT, XRP/USDT",4.0,-0.03172261238795142,-0.12256308112052851,False
RiskParity,multi_pair,Portfolio[2 assets],90d,90,0.265574574849003,1.6506350589293604,0.16731488931884786,0.5136138613861386,0,0.0,12655.74574849003,"BTC/USDT, ETH/USDT",2.0,-0.06572224413093859,0.33129681897994157,True
RiskParity,multi_pair,Portfolio[3 assets],90d,90,0.38718080997354976,2.3030140635382788,0.16340278850249523,0.525680693069307,0,0.0,13871.808099735497,"BTC/USDT, ETH/USDT, BNB/USDT",3.0,-0.06572224413093859,0.45290305410448833,True
RiskParity,multi_pair,Portfolio[4 assets],90d,90,0.33677959837503313,1.8897639325263735,0.17764953506112402,0.5273122284295468,0,0.0,13367.795983750331,"BTC/USDT, ETH/USDT, SOL/USDT, BNB/USDT",4.0,-0.06572224413093859,0.4025018425059717,True
RiskParity,multi_pair,Portfolio[4 assets],90d,90,0.17019643957386196,1.056902043321561,0.23755896410198754,0.5169517884914463,0,0.0,11701.96439573862,"BTC/USDT, ETH/USDT, ADA/USDT, XRP/USDT",4.0,-0.06572224413093859,0.23591868370480057,True
RiskParity,multi_pair,Portfolio[2 assets],180d,180,0.20412025490190736,0.730441475586697,0.45850696428490995,0.5139060568603214,0,0.0,12041.202549019074,"BTC/USDT, ETH/USDT",2.0,0.30865427637442866,-0.1045340214725213,False
RiskParity,multi_pair,Portfolio[3 assets],180d,180,0.33601647727138934,1.0268318977671427,0.3983705327533352,0.5213226205191595,0,0.0,13360.164772713893,"BTC/USDT, ETH/USDT, BNB/USDT",3.0,0.30865427637442866,0.027362200896960676,True
RiskParity,multi_pair,Portfolio[4 assets],180d,180,0.23074477171005056,0.7771476586190691,0.47350896087131805,0.5191891055400805,0,0.0,12307.447717100506,"BTC/USDT, ETH/USDT, SOL/USDT, BNB/USDT",4.0,0.30865427637442866,-0.0779095046643781,False
RiskParity,multi_pair,Portfolio[4 assets],180d,180,-0.07004008778765092,0.21455627058056914,0.49486928955692133,0.5110766847405113,0,0.0,9299.59912212349,"BTC/USDT, ETH/USDT, ADA/USDT, XRP/USDT",4.0,0.30865427637442866,-0.3786943641620796,False
RiskParity,multi_pair,Portfolio[2 assets],365d,365,0.43017791186259474,0.7092765050286578,0.5013954925074,0.5131097560975609,0,0.0,14301.779118625947,"BTC/USDT, ETH/USDT",2.0,0.7637817175530736,-0.3336038056904788,False
RiskParity,multi_pair,Portfolio[3 assets],365d,365,0.5754454824694544,0.8436853237633174,0.4300715026773913,0.5191310975609756,0,0.0,15754.454824694543,"BTC/USDT, ETH/USDT, BNB/USDT",3.0,0.7637817175530736,-0.18833623508361919,False
RiskParity,multi_pair,Portfolio[4 assets],365d,365,0.49819515132445485,0.7550772747392916,0.47997337723423195,0.5180778032036614,0,0.0,14981.951513244549,"BTC/USDT, ETH/USDT, SOL/USDT, BNB/USDT",4.0,0.7637817175530736,-0.2655865662286187,False
RiskParity,multi_pair,Portfolio[4 assets],365d,365,1.0697510800492114,1.0501201047245197,0.4735108926823895,0.5142333816683202,0,0.0,20697.510800492113,"BTC/USDT, ETH/USDT, ADA/USDT, XRP/USDT",4.0,0.7637817175530736,0.3059693624961378,True
SMA_Crossover,single_pair,BTC/USDT,30d,30,0.051802266974184746,3.302064575347981,0.04688891452566313,1.0,1,0.0,10518.022669741847,,,-0.03172261238795142,0.08352487936213616,True
SMA_Crossover,single_pair,BTC/USDT,90d,90,0.009827154902657094,0.302378983092925,0.0865530678603702,0.2857142857142857,7,1.141820008711847,10098.271549026571,,,-0.06572224413093859,0.07554939903359568,True
SMA_Crossover,single_pair,BTC/USDT,180d,180,0.1574564519905558,1.4568075805936642,0.12261094266046269,0.46153846153846156,13,2.7942109774338144,11574.564519905558,,,0.30865427637442866,-0.15119782438387286,False
SMA_Crossover,single_pair,BTC/USDT,365d,365,0.1873680415407589,0.702366568790424,0.31850786190098823,0.3125,32,1.4078487346299058,11873.680415407589,,,0.7637817175530736,-0.5764136760123146,False
Supertrend_ATR,single_pair,BTC/USDT,30d,30,-0.029475678360483107,-1.835080122331182,0.07760931964979856,0.2222222222222222,9,0.7453516526576238,9705.243216395169,,,-0.03172261238795142,0.0022469340274683114,True
Supertrend_ATR,single_pair,BTC/USDT,90d,90,-0.16232741225263417,-3.570740425072415,0.19148502368256726,0.2413793103448276,29,0.3988005727099663,8376.725877473658,,,-0.06572224413093859,-0.09660516812169558,False
Supertrend_ATR,single_pair,BTC/USDT,180d,180,-0.0028448630822975247,0.09232678286735077,0.20295026137268912,0.3148148148148148,54,0.9946297690195972,9971.551369177025,,,0.30865427637442866,-0.3114991394567262,False
Supertrend_ATR,single_pair,BTC/USDT,365d,365,-0.160434806927906,-0.41105903295454566,0.42014998838587725,0.308411214953271,107,0.8814264108013762,8395.65193072094,,,0.7637817175530736,-0.9242165244809796,False
TransformerGRUPredictor,single_pair,BTC/USDT,30d,30,0.0,inf,0.0,0.0,0,0.0,10000.0,,,-0.03172261238795142,0.03172261238795142,True
TransformerGRUPredictor,single_pair,BTC/USDT,90d,90,0.0,inf,0.0,0.0,0,0.0,10000.0,,,-0.06572224413093859,0.06572224413093859,True
TransformerGRUPredictor,single_pair,BTC/USDT,180d,180,0.0,inf,0.0,0.0,0,0.0,10000.0,,,0.30865427637442866,-0.30865427637442866,False
TransformerGRUPredictor,single_pair,BTC/USDT,365d,365,0.0,inf,0.0,0.0,0,0.0,10000.0,,,0.7637817175530736,-0.7637817175530736,False
TripleEMA,single_pair,BTC/USDT,30d,30,0.055758015616953344,3.581334820021354,0.038783256423860824,0.3333333333333333,3,3.743009890160314,10557.580156169533,,,-0.03172261238795142,0.08748062800490476,True
TripleEMA,single_pair,BTC/USDT,90d,90,-0.07272021021785222,-1.5036841505203502,0.14652240833567276,0.2,15,0.5664892452130862,9272.797897821478,,,-0.06572224413093859,-0.006997966086913623,False
TripleEMA,single_pair,BTC/USDT,180d,180,0.0017424960806671152,0.12790765529489614,0.18807540003232626,0.28125,32,1.0052962020339973,10017.424960806671,,,0.30865427637442866,-0.30691178029376154,False
TripleEMA,single_pair,BTC/USDT,365d,365,0.14818687135934888,0.5940893804128518,0.28548110432384566,0.3392857142857143,56,1.1838628446527333,11481.868713593489,,,0.7637817175530736,-0.6155948461937246,False
VWAP_MeanReversion,single_pair,BTC/USDT,30d,30,-0.128344350141201,-7.280534181151532,0.13402811025618433,0.0,2,0.0,8716.55649858799,,,-0.03172261238795142,-0.09662173775324957,False
VWAP_MeanReversion,single_pair,BTC/USDT,90d,90,-0.13443676340296698,-2.2366918446400113,0.16260269107232683,0.16666666666666666,6,0.10572363196596053,8655.63236597033,,,-0.06572224413093859,-0.06871451927202839,False
VWAP_MeanReversion,single_pair,BTC/USDT,180d,180,-0.017863633609478347,-0.047761814615365605,0.1626026910723194,0.5,14,0.9023262605617454,9821.363663905217,,,0.30865427637442866,-0.326517909983907,False
VWAP_MeanReversion,single_pair,BTC/USDT,365d,365,0.0009571430017051171,0.14739377597300365,0.19062138898866787,0.5185185185185185,27,1.003383756466099,10009.571430017051,,,0.7637817175530736,-0.7628245745513684,False
VolatilityRegimeAdaptive,single_pair,BTC/USDT,30d,30,-0.029475678360483107,-1.835080122331182,0.07760931964979856,0.2222222222222222,9,0.7453516526576238,9705.243216395169,,,-0.03172261238795142,0.0022469340274683114,True
VolatilityRegimeAdaptive,single_pair,BTC/USDT,90d,90,0.0,inf,0.0,0.0,0,0.0,10000.0,,,-0.06572224413093859,0.06572224413093859,True
VolatilityRegimeAdaptive,single_pair,BTC/USDT,180d,180,-0.023086441052573355,-0.10180372971470647,0.16875458335203652,0.5333333333333333,15,0.8864811273421676,9769.135589474266,,,0.30865427637442866,-0.331740717427002,False
VolatilityRegimeAdaptive,single_pair,BTC/USDT,365d,365,0.09367083469308728,0.4466101664237006,0.17981518625365822,0.5161290322580645,31,1.261001980213773,10936.708346930873,,,0.7637817175530736,-0.6701108828599863,False
